20090826 000000,1.633100,1.633500,1.633000,1.633400,0
20090826 000100,1.633300,1.633400,1.633100,1.633100,0
20090826 000200,1.633200,1.633300,1.633200,1.633200,0
20090826 000300,1.633100,1.633200,1.633000,1.633100,0
20090826 000400,1.633100,1.633100,1.633000,1.633000,0
20090826 000500,1.633100,1.633100,1.633000,1.633100,0
20090826 000600,1.633100,1.633200,1.633100,1.633100,0
20090826 000700,1.633000,1.633100,1.632700,1.633000,0
20090826 000800,1.633000,1.633200,1.633000,1.633200,0
20090826 000900,1.633100,1.633200,1.633100,1.633100,0
20090826 001000,1.633000,1.633000,1.632600,1.632600,0
20090826 001100,1.632700,1.633000,1.632500,1.633000,0
20090826 001200,1.633000,1.633100,1.632900,1.632900,0
20090826 001300,1.632800,1.632900,1.632800,1.632800,0
20090826 001400,1.632800,1.632800,1.632500,1.632600,0
20090826 001500,1.632500,1.632800,1.632500,1.632800,0
20090826 001600,1.632900,1.632900,1.632900,1.632900,0
20090826 001700,1.632800,1.633100,1.632800,1.633000,0
20090826 001800,1.633100,1.633100,1.632800,1.632900,0
20090826 001900,1.632800,1.632900,1.632800,1.632900,0
20090826 002000,1.633000,1.633100,1.632800,1.632900,0
20090826 002100,1.632900,1.633100,1.632900,1.633100,0
20090826 002200,1.633000,1.633000,1.632900,1.633000,0
20090826 002300,1.632900,1.633200,1.632900,1.633200,0
20090826 002400,1.633200,1.633200,1.633000,1.633100,0
20090826 002500,1.633000,1.633100,1.632800,1.633000,0
20090826 002600,1.633100,1.633200,1.633000,1.633200,0
20090826 002700,1.633100,1.633200,1.633000,1.633000,0
20090826 002800,1.633000,1.633000,1.632900,1.633000,0
20090826 002900,1.633000,1.633000,1.632900,1.632900,0
20090826 003000,1.633000,1.633000,1.632700,1.632800,0
20090826 003100,1.632700,1.632800,1.632700,1.632700,0
20090826 003200,1.632600,1.632600,1.632400,1.632500,0
20090826 003300,1.632500,1.632600,1.632400,1.632600,0
20090826 003400,1.632500,1.632600,1.632400,1.632600,0
20090826 003500,1.632600,1.632600,1.632600,1.632600,0
20090826 003600,1.632500,1.632600,1.632200,1.632200,0
20090826 003700,1.632200,1.632300,1.632200,1.632200,0
20090826 003800,1.632100,1.632300,1.632100,1.632300,0
20090826 003900,1.632200,1.632300,1.632100,1.632100,0
20090826 004000,1.632200,1.632200,1.632100,1.632100,0
20090826 004100,1.632200,1.632200,1.632100,1.632100,0
20090826 004200,1.632200,1.632200,1.631800,1.631900,0
20090826 004300,1.632000,1.632300,1.632000,1.632300,0
20090826 004400,1.632200,1.632300,1.632100,1.632100,0
20090826 004500,1.632100,1.632300,1.632000,1.632200,0
20090826 004600,1.632200,1.632200,1.632100,1.632100,0
20090826 004900,1.632000,1.632100,1.632000,1.632100,0
20090826 005000,1.632000,1.632100,1.631900,1.632000,0
20090826 005100,1.632000,1.632400,1.631900,1.632400,0
20090826 005200,1.632400,1.632600,1.632400,1.632500,0
20090826 005300,1.632500,1.632600,1.632100,1.632500,0
20090826 005400,1.632400,1.632600,1.632400,1.632500,0
20090826 005500,1.632400,1.632700,1.632400,1.632600,0
20090826 005600,1.632500,1.632500,1.632400,1.632500,0
20090826 005700,1.632400,1.632600,1.632400,1.632500,0
20090826 005800,1.632400,1.632500,1.632400,1.632500,0
20090826 005900,1.632400,1.632500,1.632100,1.632100,0
20090826 010000,1.632200,1.632300,1.632000,1.632300,0
20090826 010100,1.632400,1.632500,1.632300,1.632400,0
20090826 010200,1.632400,1.632600,1.632400,1.632600,0
20090826 010300,1.632600,1.632700,1.632600,1.632600,0
20090826 010400,1.632700,1.632700,1.632400,1.632600,0
20090826 010500,1.632600,1.632700,1.632500,1.632700,0
20090826 010600,1.632600,1.632700,1.632600,1.632700,0
20090826 010700,1.632700,1.632700,1.632700,1.632700,0
20090826 010800,1.632700,1.632700,1.632100,1.632100,0
20090826 010900,1.632200,1.632300,1.631900,1.631900,0
20090826 011000,1.632000,1.632100,1.632000,1.632100,0
20090826 011100,1.632000,1.632400,1.632000,1.632400,0
20090826 011200,1.632400,1.632400,1.632300,1.632300,0
20090826 011300,1.632300,1.632300,1.631700,1.631900,0
20090826 011400,1.632000,1.632200,1.632000,1.632100,0
20090826 011500,1.632200,1.632200,1.632100,1.632200,0
20090826 011600,1.632100,1.632300,1.632100,1.632200,0
20090826 011700,1.632100,1.632600,1.632000,1.632400,0
20090826 011800,1.632500,1.632700,1.632500,1.632700,0
20090826 012200,1.632800,1.632800,1.632800,1.632800,0
20090826 012300,1.632700,1.632800,1.632600,1.632800,0
20090826 012400,1.632700,1.633000,1.632700,1.632900,0
20090826 012500,1.632800,1.632900,1.632700,1.632800,0
20090826 012600,1.632700,1.632900,1.632700,1.632800,0
20090826 012700,1.632800,1.632900,1.632800,1.632800,0
20090826 012800,1.632800,1.633100,1.632800,1.633100,0
20090826 012900,1.633100,1.633300,1.632900,1.632900,0
20090826 013000,1.632900,1.632900,1.632600,1.632900,0
20090826 013100,1.633000,1.633100,1.632800,1.632900,0
20090826 013200,1.632900,1.632900,1.632700,1.632700,0
20090826 013300,1.632800,1.633000,1.632800,1.633000,0
20090826 013400,1.633100,1.633300,1.633100,1.633300,0
20090826 013500,1.633300,1.633400,1.633200,1.633300,0
20090826 013600,1.633400,1.633400,1.633300,1.633300,0
20090826 013700,1.633300,1.633300,1.633100,1.633100,0
20090826 013800,1.633100,1.633300,1.633100,1.633300,0
20090826 013900,1.633300,1.633600,1.633300,1.633500,0
20090826 014000,1.633500,1.633600,1.633400,1.633600,0
20090826 014100,1.633700,1.634000,1.633600,1.633800,0
20090826 014200,1.633800,1.633900,1.633700,1.633800,0
20090826 014300,1.633700,1.633800,1.633700,1.633800,0
20090826 014400,1.633900,1.633900,1.633800,1.633900,0
20090826 014500,1.633900,1.633900,1.633800,1.633800,0
20090826 014600,1.633600,1.633600,1.633400,1.633400,0
20090826 014700,1.633400,1.633500,1.633400,1.633500,0
20090826 014800,1.633400,1.633700,1.633400,1.633700,0
20090826 014900,1.633600,1.634000,1.633600,1.633900,0
20090826 015000,1.634000,1.634000,1.634000,1.634000,0
20090826 015100,1.634000,1.634100,1.634000,1.634100,0
20090826 015200,1.634000,1.634200,1.633800,1.633800,0
20090826 015300,1.633900,1.634300,1.633800,1.634200,0
20090826 015400,1.634100,1.634200,1.634000,1.634200,0
20090826 015500,1.634100,1.634300,1.634100,1.634100,0
20090826 015600,1.634200,1.634500,1.634200,1.634300,0
20090826 015700,1.634300,1.634300,1.634200,1.634300,0
20090826 015800,1.634200,1.634400,1.634200,1.634300,0
20090826 015900,1.634300,1.635000,1.634300,1.634800,0
20090826 020000,1.634600,1.634800,1.634500,1.634600,0
20090826 020100,1.634500,1.634500,1.634200,1.634200,0
20090826 020200,1.634100,1.634200,1.633900,1.633900,0
20090826 020300,1.633900,1.633900,1.633200,1.633300,0
20090826 020400,1.633300,1.633800,1.633300,1.633500,0
20090826 020500,1.633500,1.633600,1.632900,1.633000,0
20090826 020600,1.633100,1.633200,1.633000,1.633100,0
20090826 020700,1.633000,1.633500,1.632900,1.633500,0
20090826 020800,1.633500,1.633500,1.633100,1.633100,0
20090826 020900,1.633200,1.633900,1.633100,1.633800,0
20090826 021000,1.633800,1.634400,1.633700,1.634200,0
20090826 021100,1.634100,1.634500,1.634000,1.634500,0
20090826 021200,1.634400,1.635300,1.634400,1.634900,0
20090826 021300,1.634800,1.634900,1.634600,1.634700,0
20090826 021400,1.634700,1.634700,1.634500,1.634500,0
20090826 021500,1.634400,1.634600,1.634300,1.634300,0
20090826 021600,1.634400,1.634400,1.634100,1.634300,0
20090826 021700,1.634300,1.634300,1.633600,1.633700,0
20090826 021800,1.633700,1.633900,1.633200,1.633900,0
20090826 021900,1.633900,1.634000,1.633400,1.633600,0
20090826 022000,1.633600,1.633700,1.633500,1.633500,0
20090826 022100,1.633600,1.634000,1.633500,1.633900,0
20090826 022200,1.633800,1.633900,1.633600,1.633700,0
20090826 022300,1.633700,1.634000,1.633600,1.633900,0
20090826 022400,1.633900,1.633900,1.633800,1.633900,0
20090826 022500,1.633900,1.634300,1.633800,1.634000,0
20090826 022600,1.634000,1.634000,1.633300,1.633300,0
20090826 022800,1.633300,1.633600,1.633100,1.633100,0
20090826 022900,1.633100,1.633200,1.633100,1.633200,0
20090826 023000,1.633200,1.633200,1.633100,1.633100,0
20090826 023100,1.633200,1.633500,1.633200,1.633500,0
20090826 023200,1.633400,1.633400,1.633100,1.633200,0
20090826 023300,1.633100,1.633300,1.633100,1.633200,0
20090826 023400,1.633200,1.633200,1.633100,1.633100,0
20090826 023500,1.633200,1.633200,1.633100,1.633100,0
20090826 023600,1.633100,1.633600,1.633000,1.633500,0
20090826 023700,1.633500,1.633500,1.633200,1.633400,0
20090826 023800,1.633400,1.633500,1.633300,1.633300,0
20090826 023900,1.633300,1.633300,1.632600,1.632700,0
20090826 024000,1.632600,1.632800,1.632600,1.632700,0
20090826 024100,1.632600,1.632600,1.632300,1.632500,0
20090826 024200,1.632400,1.632800,1.632400,1.632600,0
20090826 024300,1.632700,1.633200,1.632700,1.633100,0
20090826 024400,1.633100,1.633200,1.632100,1.632100,0
20090826 024500,1.632200,1.632200,1.630500,1.630700,0
20090826 024600,1.630700,1.631500,1.630600,1.631400,0
20090826 024700,1.631400,1.631800,1.631400,1.631800,0
20090826 024800,1.631800,1.632100,1.631200,1.631200,0
20090826 024900,1.631200,1.631200,1.630600,1.630700,0
20090826 025000,1.630600,1.631600,1.630400,1.631200,0
20090826 025100,1.631300,1.631500,1.630900,1.630900,0
20090826 025200,1.630900,1.631500,1.630800,1.631500,0
20090826 025300,1.631400,1.631600,1.630500,1.630500,0
20090826 025400,1.630500,1.630700,1.630300,1.630400,0
20090826 025500,1.630400,1.630700,1.630400,1.630500,0
20090826 025600,1.630600,1.631100,1.630500,1.631000,0
20090826 025700,1.631000,1.631200,1.630900,1.631100,0
20090826 025800,1.631000,1.631200,1.631000,1.631200,0
20090826 025900,1.631100,1.631100,1.630600,1.630900,0
20090826 030000,1.630800,1.630800,1.629800,1.629800,0
20090826 030100,1.629900,1.630700,1.629900,1.630100,0
20090826 030200,1.630100,1.630800,1.630100,1.630800,0
20090826 030300,1.630800,1.630900,1.630500,1.630600,0
20090826 030400,1.630600,1.630700,1.630500,1.630600,0
20090826 030500,1.630600,1.630600,1.630200,1.630400,0
20090826 030600,1.630500,1.630700,1.630300,1.630600,0
20090826 030700,1.630700,1.631200,1.630700,1.631100,0
20090826 030800,1.631200,1.631200,1.630900,1.631000,0
20090826 030900,1.631000,1.631900,1.631000,1.631400,0
20090826 031000,1.631300,1.631400,1.631200,1.631300,0
20090826 031100,1.631200,1.631300,1.631100,1.631100,0
20090826 031200,1.631200,1.631400,1.631100,1.631400,0
20090826 031300,1.631500,1.632500,1.631400,1.632400,0
20090826 031400,1.632400,1.632700,1.632200,1.632700,0
20090826 031500,1.632700,1.632900,1.632300,1.632400,0
20090826 031600,1.632400,1.632800,1.632400,1.632700,0
20090826 031700,1.632700,1.633000,1.632700,1.632800,0
20090826 031800,1.632800,1.633300,1.632600,1.632600,0
20090826 031900,1.632600,1.632700,1.632300,1.632400,0
20090826 032000,1.632500,1.632500,1.631900,1.631900,0
20090826 032100,1.631900,1.632300,1.631700,1.631900,0
20090826 032200,1.632000,1.633100,1.631900,1.632900,0
20090826 032300,1.632800,1.634100,1.632600,1.633900,0
20090826 032400,1.633900,1.634300,1.633700,1.633800,0
20090826 032500,1.633900,1.633900,1.633600,1.633700,0
20090826 032600,1.633800,1.634000,1.633300,1.633300,0
20090826 032700,1.633300,1.633500,1.632700,1.632700,0
20090826 032800,1.632800,1.633200,1.632700,1.633100,0
20090826 032900,1.633100,1.633700,1.633100,1.633500,0
20090826 033000,1.633800,1.634100,1.633700,1.633900,0
20090826 033100,1.633600,1.633800,1.633400,1.633400,0
20090826 033200,1.633300,1.633500,1.633000,1.633400,0
20090826 033300,1.633400,1.633600,1.633400,1.633500,0
20090826 033400,1.633600,1.633800,1.633400,1.633700,0
20090826 033500,1.633600,1.633700,1.633400,1.633600,0
20090826 033600,1.633500,1.633600,1.632800,1.632900,0
20090826 033700,1.633000,1.633600,1.632900,1.633500,0
20090826 033800,1.633400,1.633600,1.632900,1.633100,0
20090826 033900,1.633000,1.633300,1.632900,1.633300,0
20090826 034000,1.633300,1.633300,1.633100,1.633200,0
20090826 034100,1.633100,1.633700,1.633100,1.633500,0
20090826 034200,1.633600,1.634300,1.633600,1.633900,0
20090826 034300,1.634000,1.634100,1.633600,1.633800,0
20090826 034400,1.633800,1.633900,1.633700,1.633800,0
20090826 034500,1.633800,1.633900,1.633600,1.633800,0
20090826 034600,1.633800,1.633900,1.633600,1.633600,0
20090826 034700,1.633700,1.633700,1.633400,1.633400,0
20090826 034800,1.633400,1.634200,1.633400,1.634100,0
20090826 034900,1.634100,1.634600,1.634000,1.634000,0
20090826 035000,1.634100,1.634300,1.634000,1.634200,0
20090826 035100,1.634100,1.634200,1.633900,1.633900,0
20090826 035200,1.633900,1.634300,1.633900,1.634300,0
20090826 035300,1.634400,1.634600,1.634100,1.634400,0
20090826 035400,1.634300,1.634300,1.634000,1.634100,0
20090826 035500,1.634200,1.634200,1.633700,1.633700,0
20090826 035600,1.633800,1.633800,1.633500,1.633500,0
20090826 035700,1.633400,1.633500,1.633300,1.633400,0
20090826 035800,1.633400,1.633400,1.633100,1.633100,0
20090826 035900,1.633000,1.633600,1.632700,1.632900,0
20090826 040000,1.632800,1.634600,1.632800,1.633600,0
20090826 040100,1.633700,1.634600,1.633700,1.634000,0
20090826 040200,1.633900,1.633900,1.633400,1.633500,0
20090826 040300,1.633400,1.633400,1.632700,1.633000,0
20090826 040400,1.633000,1.633300,1.632800,1.632900,0
20090826 040500,1.632900,1.633000,1.632800,1.632900,0
20090826 040600,1.632700,1.632700,1.631200,1.631300,0
20090826 040700,1.631200,1.631500,1.630500,1.630700,0
20090826 040800,1.630600,1.631200,1.630600,1.631100,0
20090826 040900,1.631100,1.631100,1.630000,1.630200,0
20090826 041000,1.630100,1.630600,1.630000,1.630300,0
20090826 041100,1.630300,1.630800,1.630100,1.630800,0
20090826 041200,1.630700,1.631100,1.630500,1.631000,0
20090826 041300,1.630900,1.631600,1.630900,1.631600,0
20090826 041400,1.631600,1.631800,1.630600,1.630600,0
20090826 041500,1.630600,1.630700,1.630300,1.630600,0
20090826 041600,1.630600,1.630800,1.630200,1.630800,0
20090826 041700,1.630700,1.631400,1.630700,1.631100,0
20090826 041800,1.631100,1.631300,1.630600,1.630800,0
20090826 041900,1.630800,1.631400,1.630700,1.631200,0
20090826 042000,1.631200,1.631200,1.630600,1.630600,0
20090826 042100,1.630700,1.630800,1.630200,1.630500,0
20090826 042200,1.630400,1.631000,1.630400,1.630500,0
20090826 042300,1.630600,1.630600,1.629400,1.629500,0
20090826 042400,1.629600,1.630000,1.629500,1.629900,0
20090826 042500,1.629800,1.629800,1.629400,1.629600,0
20090826 042600,1.629500,1.629500,1.629100,1.629400,0
20090826 042700,1.629500,1.629600,1.629100,1.629500,0
20090826 042800,1.629600,1.630500,1.629500,1.630400,0
20090826 042900,1.630400,1.630700,1.630200,1.630600,0
20090826 043000,1.630600,1.630700,1.630400,1.630700,0
20090826 043100,1.630700,1.631200,1.630600,1.630700,0
20090826 043200,1.630800,1.630800,1.630200,1.630300,0
20090826 043300,1.630200,1.630500,1.630200,1.630400,0
20090826 043400,1.630500,1.630600,1.630400,1.630600,0
20090826 043500,1.630600,1.630700,1.630500,1.630500,0
20090826 043600,1.630300,1.630400,1.630200,1.630200,0
20090826 043700,1.630300,1.630300,1.629800,1.629900,0
20090826 043800,1.629900,1.630400,1.629900,1.630300,0
20090826 043900,1.630200,1.630300,1.630000,1.630100,0
20090826 044000,1.630100,1.630200,1.629900,1.630200,0
20090826 044100,1.630300,1.630500,1.630300,1.630400,0
20090826 044200,1.630400,1.630600,1.630400,1.630400,0
20090826 044300,1.630300,1.630600,1.630200,1.630500,0
20090826 044400,1.630500,1.630700,1.630400,1.630600,0
20090826 044500,1.630500,1.630600,1.630200,1.630300,0
20090826 044600,1.630400,1.630600,1.630300,1.630400,0
20090826 044700,1.630500,1.630800,1.630200,1.630400,0
20090826 044800,1.630500,1.630600,1.630300,1.630400,0
20090826 044900,1.630200,1.630400,1.630200,1.630400,0
20090826 045000,1.630300,1.630600,1.630300,1.630500,0
20090826 045100,1.630400,1.630500,1.630300,1.630400,0
20090826 045200,1.630400,1.631100,1.630400,1.630800,0
20090826 045300,1.630900,1.631100,1.630700,1.631100,0
20090826 045400,1.631100,1.631100,1.630600,1.631000,0
20090826 045500,1.631000,1.631300,1.630900,1.631300,0
20090826 045600,1.631400,1.631700,1.631200,1.631300,0
20090826 045700,1.631300,1.631500,1.631300,1.631400,0
20090826 045800,1.631500,1.631500,1.631000,1.631000,0
20090826 045900,1.631100,1.631200,1.630900,1.631100,0
20090826 050000,1.631000,1.631000,1.630600,1.630700,0
20090826 050100,1.630800,1.631200,1.630800,1.631100,0
20090826 050200,1.631200,1.631200,1.631100,1.631100,0
20090826 050300,1.631300,1.631300,1.631100,1.631100,0
20090826 050400,1.631200,1.631700,1.631200,1.631700,0
20090826 050500,1.631600,1.632100,1.631600,1.631800,0
20090826 050600,1.631900,1.632100,1.631800,1.631900,0
20090826 050700,1.632000,1.632400,1.631900,1.632100,0
20090826 050800,1.632100,1.632300,1.631900,1.632100,0
20090826 050900,1.632000,1.632300,1.631900,1.632100,0
20090826 051000,1.632000,1.632000,1.631700,1.631900,0
20090826 051100,1.632000,1.632000,1.631700,1.631800,0
20090826 051200,1.631800,1.631900,1.631700,1.631800,0
20090826 051300,1.631700,1.631800,1.631600,1.631800,0
20090826 051400,1.631700,1.631700,1.631500,1.631500,0
20090826 051500,1.631500,1.631700,1.631500,1.631600,0
20090826 051600,1.631700,1.631900,1.631700,1.631800,0
20090826 051700,1.631900,1.632200,1.631800,1.632100,0
20090826 051800,1.632200,1.632200,1.632100,1.632200,0
20090826 051900,1.632200,1.632400,1.632000,1.632100,0
20090826 052000,1.632100,1.632300,1.631900,1.632200,0
20090826 052100,1.632100,1.632300,1.632100,1.632100,0
20090826 052200,1.632200,1.632300,1.632100,1.632200,0
20090826 052300,1.632300,1.632500,1.632100,1.632200,0
20090826 052400,1.632200,1.632400,1.632100,1.632200,0
20090826 052500,1.632100,1.632500,1.632100,1.632200,0
20090826 052600,1.632300,1.632300,1.631800,1.631800,0
20090826 052700,1.631900,1.631900,1.631400,1.631500,0
20090826 052800,1.631400,1.631400,1.631200,1.631400,0
20090826 052900,1.631300,1.631400,1.631300,1.631400,0
20090826 053000,1.631600,1.631600,1.631000,1.631200,0
20090826 053100,1.631200,1.631400,1.631000,1.631200,0
20090826 053200,1.631400,1.631400,1.631100,1.631200,0
20090826 053300,1.631100,1.631300,1.631100,1.631200,0
20090826 053400,1.631100,1.631200,1.631000,1.631000,0
20090826 053500,1.631000,1.631100,1.630900,1.631000,0
20090826 053600,1.631000,1.631100,1.630900,1.631100,0
20090826 053700,1.631100,1.631200,1.631100,1.631100,0
20090826 053800,1.631200,1.631300,1.631200,1.631200,0
20090826 053900,1.631300,1.631500,1.631300,1.631400,0
20090826 054000,1.631400,1.631700,1.631300,1.631500,0
20090826 054100,1.631600,1.632000,1.631500,1.631600,0
20090826 054200,1.631600,1.631800,1.631200,1.631400,0
20090826 054300,1.631300,1.631400,1.631100,1.631100,0
20090826 054400,1.631200,1.631500,1.631100,1.631200,0
20090826 054500,1.631100,1.631500,1.630900,1.630900,0
20090826 054600,1.630900,1.631300,1.630900,1.631200,0
20090826 054700,1.631000,1.631300,1.630700,1.630700,0
20090826 054800,1.630800,1.631100,1.630800,1.631000,0
20090826 054900,1.631000,1.631000,1.630700,1.630900,0
20090826 055000,1.630800,1.631100,1.630800,1.630800,0
20090826 055100,1.630800,1.630900,1.630500,1.630800,0
20090826 055200,1.630800,1.631000,1.630600,1.630600,0
20090826 055300,1.630600,1.630700,1.630200,1.630200,0
20090826 055400,1.630200,1.630200,1.629700,1.629700,0
20090826 055500,1.629700,1.629900,1.629600,1.629600,0
20090826 055600,1.629700,1.629900,1.629500,1.629900,0
20090826 055700,1.630000,1.630500,1.630000,1.630500,0
20090826 055800,1.630500,1.630700,1.630300,1.630500,0
20090826 055900,1.630400,1.630600,1.630200,1.630500,0
20090826 060000,1.630500,1.631000,1.630500,1.630600,0
20090826 060100,1.630500,1.630600,1.630500,1.630500,0
20090826 060200,1.630400,1.630400,1.630200,1.630200,0
20090826 060300,1.630100,1.630400,1.630100,1.630400,0
20090826 060400,1.630300,1.630300,1.630200,1.630200,0
20090826 060500,1.630300,1.630300,1.630200,1.630300,0
20090826 060600,1.630300,1.630300,1.630100,1.630300,0
20090826 060700,1.630300,1.630300,1.630100,1.630200,0
20090826 060800,1.630200,1.630400,1.630100,1.630200,0
20090826 060900,1.630200,1.630500,1.630200,1.630500,0
20090826 061000,1.630600,1.630700,1.630400,1.630400,0
20090826 061100,1.630400,1.630500,1.630000,1.630000,0
20090826 061200,1.630100,1.630100,1.629600,1.629700,0
20090826 061300,1.629600,1.630000,1.629500,1.629500,0
20090826 061400,1.629500,1.629600,1.629400,1.629500,0
20090826 061500,1.629400,1.629700,1.629400,1.629700,0
20090826 061600,1.629800,1.629800,1.629700,1.629700,0
20090826 061700,1.629800,1.629800,1.629500,1.629600,0
20090826 061800,1.629500,1.629700,1.629500,1.629600,0
20090826 061900,1.629600,1.629900,1.629600,1.629800,0
20090826 062000,1.629600,1.629600,1.628900,1.628900,0
20090826 062100,1.628900,1.629200,1.628900,1.629000,0
20090826 062200,1.629000,1.629100,1.629000,1.629100,0
20090826 062300,1.629000,1.629000,1.628000,1.628200,0
20090826 062400,1.628200,1.628200,1.627900,1.628200,0
20090826 062500,1.628300,1.628500,1.628200,1.628400,0
20090826 062600,1.628500,1.628500,1.628200,1.628300,0
20090826 062700,1.628400,1.628400,1.628000,1.628100,0
20090826 062800,1.628000,1.628200,1.628000,1.628100,0
20090826 062900,1.628200,1.628400,1.628100,1.628200,0
20090826 063000,1.628100,1.628200,1.628000,1.628200,0
20090826 063100,1.628100,1.628400,1.628000,1.628200,0
20090826 063200,1.628300,1.629400,1.628300,1.629400,0
20090826 063300,1.629400,1.629600,1.628900,1.629000,0
20090826 063400,1.629100,1.629100,1.628500,1.628500,0
20090826 063500,1.628300,1.628500,1.628100,1.628500,0
20090826 063600,1.628400,1.628500,1.628200,1.628400,0
20090826 063700,1.628500,1.628500,1.628200,1.628400,0
20090826 063800,1.628300,1.628600,1.628300,1.628600,0
20090826 063900,1.628600,1.628600,1.628400,1.628600,0
20090826 064000,1.628600,1.628600,1.628200,1.628400,0
20090826 064100,1.628400,1.628600,1.628300,1.628500,0
20090826 064200,1.628500,1.628600,1.628400,1.628500,0
20090826 064300,1.628600,1.629000,1.628600,1.628900,0
20090826 064400,1.628900,1.629000,1.628900,1.628900,0
20090826 064500,1.628800,1.629100,1.628400,1.628400,0
20090826 064600,1.628600,1.628900,1.628400,1.628800,0
20090826 064700,1.628600,1.629100,1.628600,1.628800,0
20090826 064800,1.628800,1.629000,1.628800,1.628900,0
20090826 064900,1.628800,1.628800,1.628700,1.628800,0
20090826 065000,1.628800,1.629400,1.628700,1.629300,0
20090826 065100,1.629300,1.629300,1.628900,1.629000,0
20090826 065200,1.628900,1.629000,1.628700,1.628900,0
20090826 065300,1.629000,1.629000,1.628600,1.628700,0
20090826 065400,1.628600,1.628700,1.628400,1.628600,0
20090826 065500,1.628500,1.628600,1.628300,1.628600,0
20090826 065600,1.628700,1.628700,1.628400,1.628700,0
20090826 065700,1.628800,1.628800,1.628600,1.628600,0
20090826 065800,1.628600,1.628600,1.628200,1.628300,0
20090826 065900,1.628400,1.628700,1.627800,1.627800,0
20090826 070000,1.627800,1.627800,1.627400,1.627500,0
20090826 070100,1.627600,1.627900,1.627500,1.627900,0
20090826 070200,1.628100,1.628200,1.627900,1.627900,0
20090826 070300,1.627900,1.628000,1.627600,1.627600,0
20090826 070400,1.627700,1.627900,1.626700,1.626700,0
20090826 070500,1.626700,1.627000,1.626300,1.626900,0
20090826 070600,1.627000,1.627300,1.626800,1.626900,0
20090826 070700,1.626900,1.627300,1.625400,1.625600,0
20090826 070800,1.625800,1.626200,1.625500,1.626000,0
20090826 070900,1.626000,1.626000,1.625600,1.625900,0
20090826 071000,1.625900,1.626100,1.625700,1.626100,0
20090826 071100,1.626200,1.626700,1.626200,1.626500,0
20090826 071200,1.626600,1.626700,1.626500,1.626500,0
20090826 071300,1.626500,1.626700,1.626200,1.626400,0
20090826 071400,1.626400,1.626700,1.626400,1.626600,0
20090826 071500,1.626600,1.626900,1.626600,1.626700,0
20090826 071600,1.626600,1.626800,1.626400,1.626500,0
20090826 071700,1.626600,1.626600,1.626100,1.626400,0
20090826 071800,1.626400,1.626800,1.626400,1.626500,0
20090826 071900,1.626700,1.626800,1.626400,1.626400,0
20090826 072000,1.626500,1.626600,1.625600,1.625600,0
20090826 072100,1.625700,1.625700,1.625400,1.625600,0
20090826 072200,1.625600,1.625600,1.625400,1.625400,0
20090826 072300,1.625500,1.625500,1.625000,1.625000,0
20090826 072400,1.624900,1.625000,1.624100,1.624300,0
20090826 072500,1.624200,1.624600,1.624200,1.624300,0
20090826 072600,1.624200,1.624500,1.623700,1.624500,0
20090826 072700,1.624600,1.624800,1.624400,1.624500,0
20090826 072800,1.624700,1.625000,1.624400,1.625000,0
20090826 072900,1.624900,1.625200,1.624600,1.624800,0
20090826 073000,1.624800,1.624800,1.624100,1.624200,0
20090826 073100,1.624300,1.624600,1.624000,1.624100,0
20090826 073200,1.624100,1.624400,1.623600,1.624000,0
20090826 073300,1.623900,1.624200,1.623800,1.624100,0
20090826 073400,1.624000,1.624600,1.624000,1.624400,0
20090826 073500,1.624200,1.624400,1.624000,1.624100,0
20090826 073600,1.624000,1.624600,1.623900,1.624600,0
20090826 073700,1.624500,1.624600,1.624200,1.624500,0
20090826 073800,1.624600,1.625300,1.624600,1.625200,0
20090826 073900,1.625100,1.625300,1.624900,1.625000,0
20090826 074000,1.625100,1.625100,1.624500,1.624800,0
20090826 074100,1.624700,1.625100,1.624700,1.625000,0
20090826 074200,1.625100,1.625500,1.625000,1.625500,0
20090826 074300,1.625400,1.625400,1.624900,1.624900,0
20090826 074400,1.625000,1.625100,1.624300,1.624400,0
20090826 074500,1.624300,1.624600,1.624300,1.624600,0
20090826 074600,1.624700,1.624700,1.624500,1.624600,0
20090826 074700,1.624600,1.624600,1.624500,1.624500,0
20090826 074800,1.624600,1.624800,1.624500,1.624800,0
20090826 074900,1.624800,1.624900,1.624800,1.624900,0
20090826 075000,1.624800,1.625300,1.624800,1.625100,0
20090826 075100,1.625200,1.625900,1.625100,1.625500,0
20090826 075200,1.625400,1.625700,1.625400,1.625600,0
20090826 075300,1.625700,1.625800,1.625500,1.625800,0
20090826 075400,1.625700,1.625900,1.625600,1.625600,0
20090826 075500,1.625700,1.625800,1.625600,1.625700,0
20090826 075600,1.625600,1.625900,1.625600,1.625800,0
20090826 075700,1.625800,1.625900,1.625800,1.625900,0
20090826 075800,1.625800,1.626100,1.625800,1.626100,0
20090826 075900,1.626000,1.626200,1.626000,1.626100,0
20090826 080000,1.626000,1.626000,1.625600,1.625800,0
20090826 080100,1.625600,1.625700,1.625500,1.625600,0
20090826 080200,1.625500,1.625600,1.625300,1.625300,0
20090826 080300,1.625300,1.625500,1.625200,1.625300,0
20090826 080400,1.625400,1.625400,1.625000,1.625100,0
20090826 080500,1.625200,1.625300,1.625100,1.625300,0
20090826 080600,1.625200,1.625400,1.625000,1.625100,0
20090826 080700,1.625100,1.625200,1.625000,1.625100,0
20090826 080800,1.625100,1.625200,1.624700,1.624700,0
20090826 080900,1.624800,1.625200,1.624700,1.624900,0
20090826 081000,1.624800,1.625100,1.624700,1.624900,0
20090826 081100,1.625000,1.625000,1.624800,1.624900,0
20090826 081200,1.624900,1.625100,1.624700,1.625000,0
20090826 081300,1.625100,1.625300,1.625000,1.625100,0
20090826 081400,1.625200,1.625300,1.625000,1.625000,0
20090826 081500,1.625100,1.625200,1.625000,1.625100,0
20090826 081600,1.625000,1.625000,1.624800,1.624900,0
20090826 081700,1.624800,1.625000,1.624700,1.625000,0
20090826 081800,1.625000,1.625200,1.624900,1.625200,0
20090826 081900,1.625100,1.625100,1.624900,1.624900,0
20090826 082000,1.624800,1.624900,1.624500,1.624600,0
20090826 082100,1.624600,1.624700,1.624500,1.624600,0
20090826 082200,1.624700,1.625100,1.624700,1.625000,0
20090826 082300,1.625000,1.625100,1.624900,1.624900,0
20090826 082400,1.624900,1.625400,1.624900,1.625300,0
20090826 082500,1.625400,1.625600,1.625200,1.625600,0
20090826 082600,1.625400,1.625800,1.625400,1.625700,0
20090826 082700,1.625800,1.626000,1.625600,1.626000,0
20090826 082800,1.626000,1.626200,1.626000,1.626200,0
20090826 082900,1.626100,1.626200,1.625900,1.625900,0
20090826 083000,1.626300,1.626500,1.625400,1.625600,0
20090826 083100,1.625400,1.625500,1.624300,1.624500,0
20090826 083200,1.624400,1.625000,1.624200,1.625000,0
20090826 083300,1.624900,1.625100,1.623900,1.623900,0
20090826 083400,1.623800,1.623800,1.623300,1.623400,0
20090826 083500,1.623400,1.623400,1.623100,1.623200,0
20090826 083600,1.623200,1.623400,1.623000,1.623300,0
20090826 083700,1.623400,1.623500,1.623200,1.623500,0
20090826 083800,1.623400,1.623700,1.623400,1.623500,0
20090826 083900,1.623500,1.624200,1.623500,1.623900,0
20090826 084000,1.623800,1.624500,1.623800,1.624200,0
20090826 084100,1.624200,1.624200,1.623500,1.623800,0
20090826 084200,1.623700,1.623800,1.623100,1.623600,0
20090826 084300,1.623700,1.623900,1.623300,1.623400,0
20090826 084400,1.623500,1.623500,1.623200,1.623400,0
20090826 084500,1.623300,1.623500,1.623100,1.623500,0
20090826 084600,1.623400,1.623400,1.623100,1.623100,0
20090826 084700,1.623200,1.623800,1.623200,1.623700,0
20090826 084800,1.623800,1.624700,1.623800,1.624600,0
20090826 084900,1.624600,1.624600,1.624100,1.624300,0
20090826 085000,1.624300,1.625000,1.624300,1.624700,0
20090826 085100,1.624800,1.625200,1.624800,1.625000,0
20090826 085200,1.625000,1.625800,1.625000,1.625800,0
20090826 085300,1.625800,1.625900,1.625400,1.625500,0
20090826 085400,1.625400,1.625500,1.625100,1.625400,0
20090826 085500,1.625400,1.625400,1.625000,1.625100,0
20090826 085600,1.625100,1.625100,1.624900,1.625100,0
20090826 085700,1.625100,1.625100,1.624800,1.625000,0
20090826 085800,1.625000,1.625300,1.624900,1.625000,0
20090826 085900,1.625100,1.625200,1.624700,1.624900,0
20090826 090000,1.624900,1.625600,1.624600,1.624600,0
20090826 090100,1.624700,1.624700,1.624500,1.624500,0
20090826 090200,1.624600,1.624600,1.623800,1.624100,0
20090826 090300,1.624200,1.624900,1.624100,1.624900,0
20090826 090400,1.624800,1.624900,1.624100,1.624400,0
20090826 090500,1.624400,1.624500,1.624200,1.624400,0
20090826 090600,1.624300,1.624300,1.623900,1.624300,0
20090826 090700,1.624200,1.624300,1.623700,1.623900,0
20090826 090800,1.623900,1.623900,1.623500,1.623700,0
20090826 090900,1.623600,1.623700,1.623300,1.623500,0
20090826 091000,1.623600,1.623600,1.623300,1.623400,0
20090826 091100,1.623400,1.623600,1.623300,1.623600,0
20090826 091200,1.623600,1.623900,1.623600,1.623800,0
20090826 091300,1.623800,1.623800,1.623600,1.623700,0
20090826 091400,1.623700,1.623800,1.623300,1.623400,0
20090826 091500,1.623300,1.623300,1.622600,1.622600,0
20090826 091600,1.622600,1.622600,1.622100,1.622200,0
20090826 091700,1.622200,1.622500,1.622200,1.622300,0
20090826 091800,1.622400,1.622600,1.622300,1.622500,0
20090826 091900,1.622500,1.623100,1.622500,1.622900,0
20090826 092000,1.622900,1.623000,1.622500,1.622500,0
20090826 092100,1.622500,1.622700,1.622200,1.622700,0
20090826 092200,1.622800,1.622800,1.622300,1.622300,0
20090826 092300,1.622300,1.622300,1.621100,1.621100,0
20090826 092400,1.621100,1.621100,1.619900,1.620100,0
20090826 092500,1.620200,1.620800,1.620100,1.620800,0
20090826 092600,1.620800,1.621000,1.620400,1.620400,0
20090826 092700,1.620500,1.620500,1.619400,1.619500,0
20090826 092800,1.619500,1.619700,1.619300,1.619300,0
20090826 092900,1.619300,1.619300,1.617600,1.617900,0
20090826 093000,1.618100,1.618100,1.616500,1.617300,0
20090826 093100,1.617300,1.618200,1.617300,1.618100,0
20090826 093200,1.618000,1.618100,1.617400,1.618000,0
20090826 093300,1.618000,1.618100,1.617700,1.617900,0
20090826 093400,1.617900,1.617900,1.617300,1.617300,0
20090826 093500,1.617400,1.617400,1.616200,1.616200,0
20090826 093600,1.616100,1.616700,1.615900,1.616600,0
20090826 093700,1.616700,1.617300,1.616300,1.617000,0
20090826 093800,1.617100,1.617500,1.616800,1.617400,0
20090826 093900,1.617300,1.617600,1.616900,1.617200,0
20090826 094000,1.617300,1.617900,1.617200,1.617500,0
20090826 094100,1.617500,1.617900,1.617100,1.617700,0
20090826 094200,1.617700,1.617700,1.616700,1.617200,0
20090826 094300,1.617200,1.617500,1.616900,1.617100,0
20090826 094400,1.617100,1.618200,1.617000,1.617900,0
20090826 094500,1.617900,1.617900,1.616900,1.617600,0
20090826 094600,1.617500,1.617900,1.617400,1.617700,0
20090826 094700,1.617800,1.618200,1.617700,1.618200,0
20090826 094800,1.618200,1.618300,1.618000,1.618100,0
20090826 094900,1.618000,1.618100,1.617500,1.617900,0
20090826 095000,1.617900,1.618100,1.617600,1.617600,0
20090826 095100,1.617800,1.617800,1.617000,1.617100,0
20090826 095200,1.617100,1.617400,1.617000,1.617200,0
20090826 095300,1.617200,1.617500,1.617100,1.617400,0
20090826 095400,1.617400,1.618100,1.617400,1.618100,0
20090826 095500,1.618000,1.618200,1.617700,1.617800,0
20090826 095600,1.617900,1.618100,1.617500,1.617900,0
20090826 095700,1.617900,1.617900,1.617800,1.617800,0
20090826 095800,1.617800,1.617900,1.617600,1.617600,0
20090826 095900,1.617600,1.617900,1.617300,1.617300,0
20090826 100000,1.617400,1.618700,1.617400,1.618700,0
20090826 100100,1.618800,1.619700,1.618800,1.619000,0
20090826 100200,1.619100,1.619100,1.618000,1.618000,0
20090826 100300,1.618100,1.618400,1.617900,1.618000,0
20090826 100400,1.618100,1.618900,1.617900,1.618700,0
20090826 100500,1.618900,1.619600,1.618600,1.618600,0
20090826 100600,1.618600,1.619800,1.618600,1.619600,0
20090826 100700,1.619500,1.620000,1.619500,1.619600,0
20090826 100800,1.619500,1.619600,1.619000,1.619100,0
20090826 100900,1.619100,1.619100,1.618800,1.618800,0
20090826 101000,1.618900,1.619600,1.618800,1.619600,0
20090826 101100,1.619600,1.619800,1.619400,1.619800,0
20090826 101200,1.619700,1.619700,1.619300,1.619500,0
20090826 101300,1.619500,1.619600,1.619300,1.619600,0
20090826 101400,1.619500,1.620900,1.619500,1.620900,0
20090826 101500,1.621000,1.621400,1.620700,1.621000,0
20090826 101600,1.621100,1.621700,1.621000,1.621700,0
20090826 101700,1.621600,1.621700,1.621000,1.621000,0
20090826 101800,1.620900,1.621100,1.620400,1.620600,0
20090826 101900,1.620500,1.620800,1.620500,1.620800,0
20090826 102000,1.620800,1.621300,1.620800,1.621100,0
20090826 102100,1.621100,1.621200,1.620600,1.620900,0
20090826 102200,1.620800,1.621200,1.620600,1.620900,0
20090826 102300,1.621000,1.621100,1.620900,1.621000,0
20090826 102400,1.620900,1.621100,1.620700,1.620800,0
20090826 102500,1.620700,1.620800,1.620400,1.620400,0
20090826 102600,1.620400,1.620800,1.620200,1.620300,0
20090826 102700,1.620100,1.620100,1.619500,1.619600,0
20090826 102800,1.619700,1.619800,1.619500,1.619600,0
20090826 102900,1.619600,1.620000,1.619600,1.619600,0
20090826 103000,1.619600,1.620100,1.619100,1.620000,0
20090826 103100,1.620100,1.620200,1.619700,1.620000,0
20090826 103200,1.620000,1.620600,1.619900,1.620600,0
20090826 103300,1.620700,1.621500,1.620700,1.621300,0
20090826 103400,1.621300,1.621500,1.620900,1.621000,0
20090826 103500,1.620900,1.622100,1.620900,1.622000,0
20090826 103600,1.621900,1.621900,1.621400,1.621700,0
20090826 103700,1.621700,1.622200,1.621600,1.621800,0
20090826 103800,1.621800,1.622000,1.621400,1.621600,0
20090826 103900,1.621500,1.622000,1.621400,1.622000,0
20090826 104000,1.622100,1.622200,1.621700,1.622100,0
20090826 104100,1.622000,1.622200,1.621700,1.622100,0
20090826 104200,1.622000,1.622000,1.621400,1.621500,0
20090826 104300,1.621600,1.621700,1.621400,1.621600,0
20090826 104400,1.621500,1.621500,1.620400,1.620500,0
20090826 104500,1.620500,1.620500,1.619700,1.619800,0
20090826 104600,1.619800,1.620400,1.619800,1.620000,0
20090826 104700,1.620000,1.620100,1.619700,1.620100,0
20090826 104800,1.620100,1.620100,1.618700,1.619300,0
20090826 104900,1.619200,1.619200,1.618700,1.619200,0
20090826 105000,1.619100,1.619500,1.618900,1.619300,0
20090826 105100,1.619300,1.619800,1.619200,1.619600,0
20090826 105200,1.619600,1.619900,1.619600,1.619800,0
20090826 105300,1.619600,1.619700,1.619100,1.619600,0
20090826 105400,1.619600,1.620000,1.619300,1.619900,0
20090826 105500,1.619900,1.620600,1.619600,1.620600,0
20090826 105600,1.620600,1.620900,1.620400,1.620800,0
20090826 105700,1.620800,1.621000,1.620700,1.620800,0
20090826 105800,1.620900,1.621000,1.620200,1.620800,0
20090826 105900,1.620600,1.621500,1.620400,1.621100,0
20090826 110000,1.621100,1.621300,1.620900,1.621000,0
20090826 110100,1.621100,1.621100,1.620800,1.620900,0
20090826 110200,1.620800,1.621500,1.620800,1.621500,0
20090826 110300,1.621600,1.622000,1.621400,1.621800,0
20090826 110400,1.621800,1.621800,1.621300,1.621500,0
20090826 110500,1.621500,1.621700,1.621300,1.621600,0
20090826 110600,1.621500,1.621500,1.621200,1.621200,0
20090826 110700,1.621200,1.621300,1.621100,1.621200,0
20090826 110800,1.621300,1.621400,1.621200,1.621300,0
20090826 110900,1.621300,1.621400,1.621300,1.621300,0
20090826 111000,1.621300,1.621400,1.620800,1.620800,0
20090826 111100,1.621000,1.621100,1.620800,1.620800,0
20090826 111200,1.620800,1.620900,1.620500,1.620700,0
20090826 111300,1.620600,1.621200,1.620600,1.621200,0
20090826 111400,1.621200,1.621300,1.621100,1.621100,0
20090826 111500,1.621100,1.621200,1.620900,1.620900,0
20090826 111600,1.620900,1.620900,1.620600,1.620700,0
20090826 111700,1.620800,1.620900,1.620700,1.620700,0
20090826 111800,1.620700,1.620700,1.620200,1.620400,0
20090826 111900,1.620400,1.620400,1.620200,1.620300,0
20090826 112000,1.620300,1.620300,1.619500,1.619700,0
20090826 112100,1.619700,1.619700,1.619000,1.619000,0
20090826 112200,1.619000,1.619200,1.618600,1.619100,0
20090826 112300,1.619100,1.619600,1.619000,1.619500,0
20090826 112400,1.619600,1.619900,1.619600,1.619900,0
20090826 112500,1.619900,1.620500,1.619900,1.620300,0
20090826 112600,1.620400,1.620900,1.620300,1.620900,0
20090826 112700,1.620900,1.620900,1.620600,1.620600,0
20090826 112800,1.620600,1.621100,1.620600,1.621000,0
20090826 112900,1.621100,1.621400,1.620900,1.621200,0
20090826 113000,1.621300,1.621700,1.621300,1.621400,0
20090826 113100,1.621300,1.621400,1.621100,1.621300,0
20090826 113200,1.621400,1.621700,1.621300,1.621400,0
20090826 113300,1.621500,1.622100,1.621500,1.622100,0
20090826 113400,1.622000,1.622100,1.621800,1.621800,0
20090826 113500,1.621800,1.621800,1.621200,1.621500,0
20090826 113600,1.621600,1.621800,1.621400,1.621400,0
20090826 113700,1.621500,1.621900,1.621500,1.621900,0
20090826 113800,1.621900,1.621900,1.621100,1.621100,0
20090826 113900,1.621200,1.621700,1.621100,1.621300,0
20090826 114000,1.621300,1.621800,1.621200,1.621700,0
20090826 114100,1.621800,1.622400,1.621800,1.622300,0
20090826 114200,1.622400,1.622400,1.622100,1.622300,0
20090826 114300,1.622200,1.622300,1.622200,1.622200,0
20090826 114400,1.622300,1.622900,1.622300,1.622800,0
20090826 114500,1.622900,1.623200,1.622800,1.623000,0
20090826 114600,1.623100,1.623200,1.623000,1.623100,0
20090826 114700,1.623100,1.623100,1.623000,1.623100,0
20090826 114800,1.623200,1.623300,1.623100,1.623200,0
20090826 114900,1.623200,1.623700,1.623100,1.623100,0
20090826 115000,1.623000,1.623600,1.623000,1.623300,0
20090826 115100,1.623300,1.623600,1.623200,1.623600,0
20090826 115200,1.623500,1.623900,1.623400,1.623600,0
20090826 115300,1.623700,1.623900,1.623400,1.623900,0
20090826 115400,1.623900,1.624000,1.623800,1.624000,0
20090826 115500,1.623900,1.624000,1.623700,1.623700,0
20090826 115600,1.623700,1.623700,1.623100,1.623100,0
20090826 115700,1.623100,1.623200,1.623100,1.623100,0
20090826 115800,1.623000,1.623100,1.622900,1.623100,0
20090826 115900,1.623200,1.623600,1.623100,1.623200,0
20090826 120000,1.623200,1.623300,1.622600,1.622700,0
20090826 120100,1.622600,1.623100,1.622600,1.622900,0
20090826 120200,1.622800,1.622900,1.622600,1.622900,0
20090826 120300,1.622800,1.622800,1.622500,1.622600,0
20090826 120400,1.622600,1.622600,1.622200,1.622200,0
20090826 120500,1.622200,1.622400,1.621800,1.622100,0
20090826 120600,1.622200,1.622400,1.622000,1.622000,0
20090826 120700,1.622000,1.622100,1.621900,1.621900,0
20090826 120800,1.621800,1.622100,1.621800,1.622000,0
20090826 120900,1.621900,1.622100,1.621900,1.622100,0
20090826 121000,1.622200,1.622500,1.622100,1.622500,0
20090826 121100,1.622400,1.622600,1.622300,1.622300,0
20090826 121200,1.622400,1.622400,1.622300,1.622300,0
20090826 121300,1.622400,1.622900,1.622400,1.622700,0
20090826 121400,1.622800,1.622900,1.622700,1.622800,0
20090826 121500,1.622800,1.623200,1.622800,1.623000,0
20090826 121600,1.623100,1.623300,1.623000,1.623200,0
20090826 121700,1.623300,1.623300,1.623100,1.623100,0
20090826 121800,1.623000,1.623100,1.623000,1.623100,0
20090826 121900,1.623200,1.623600,1.623000,1.623500,0
20090826 122000,1.623600,1.624100,1.623600,1.624000,0
20090826 122100,1.623900,1.624000,1.623800,1.624000,0
20090826 122200,1.624100,1.624100,1.623900,1.623900,0
20090826 122300,1.624000,1.624000,1.623900,1.623900,0
20090826 122400,1.623800,1.623900,1.623700,1.623800,0
20090826 122500,1.623600,1.623800,1.623300,1.623500,0
20090826 122600,1.623600,1.623600,1.623400,1.623500,0
20090826 122700,1.623400,1.623400,1.623100,1.623100,0
20090826 122800,1.623100,1.623300,1.623100,1.623300,0
20090826 122900,1.623300,1.623600,1.623200,1.623300,0
20090826 123000,1.623200,1.623400,1.623100,1.623100,0
20090826 123100,1.623000,1.623000,1.622500,1.622500,0
20090826 123200,1.622400,1.622400,1.622200,1.622300,0
20090826 123300,1.622200,1.622500,1.622200,1.622500,0
20090826 123400,1.622600,1.622600,1.622400,1.622600,0
20090826 123500,1.622600,1.622800,1.622500,1.622500,0
20090826 123600,1.622600,1.622600,1.622500,1.622500,0
20090826 123700,1.622400,1.622500,1.622300,1.622400,0
20090826 123800,1.622300,1.622600,1.622300,1.622600,0
20090826 123900,1.622500,1.622600,1.622400,1.622600,0
20090826 124000,1.622500,1.622600,1.622500,1.622500,0
20090826 124100,1.622500,1.622500,1.622300,1.622400,0
20090826 124200,1.622400,1.622400,1.622400,1.622400,0
20090826 124300,1.622300,1.622600,1.622300,1.622400,0
20090826 124400,1.622400,1.622400,1.622100,1.622300,0
20090826 124500,1.622200,1.622200,1.622000,1.622000,0
20090826 124600,1.622000,1.622000,1.622000,1.622000,0
20090826 124700,1.622100,1.622100,1.622000,1.622000,0
20090826 124800,1.622000,1.622100,1.621900,1.621900,0
20090826 124900,1.621900,1.622100,1.621800,1.621900,0
20090826 125000,1.622000,1.622300,1.621800,1.622300,0
20090826 125100,1.622200,1.622400,1.622000,1.622000,0
20090826 125200,1.622000,1.622100,1.621900,1.622100,0
20090826 125300,1.622100,1.622100,1.622100,1.622100,0
20090826 125400,1.622100,1.622300,1.622100,1.622200,0
20090826 125500,1.622300,1.622300,1.622000,1.622300,0
20090826 125600,1.622200,1.622300,1.622100,1.622300,0
20090826 125700,1.622200,1.622300,1.622100,1.622300,0
20090826 125800,1.622400,1.622700,1.622400,1.622600,0
20090826 125900,1.622600,1.623300,1.622500,1.623300,0
20090826 130000,1.623200,1.623300,1.623000,1.623200,0
20090826 130100,1.623200,1.623200,1.623000,1.623000,0
20090826 130200,1.623000,1.623200,1.623000,1.623100,0
20090826 130300,1.623000,1.623200,1.622900,1.623000,0
20090826 130400,1.622900,1.623100,1.622200,1.622200,0
20090826 130500,1.622200,1.622200,1.622100,1.622100,0
20090826 130600,1.622100,1.622100,1.621900,1.622000,0
20090826 130700,1.622000,1.622000,1.621500,1.621500,0
20090826 130800,1.621600,1.622100,1.621500,1.622000,0
20090826 130900,1.621900,1.622500,1.621900,1.622400,0
20090826 131000,1.622300,1.622400,1.622300,1.622400,0
20090826 131100,1.622400,1.622400,1.622100,1.622100,0
20090826 131200,1.622100,1.622100,1.621800,1.621800,0
20090826 131300,1.621600,1.621600,1.621500,1.621600,0
20090826 131400,1.621500,1.621500,1.621400,1.621500,0
20090826 131500,1.621600,1.621700,1.621600,1.621600,0
20090826 131600,1.621700,1.621700,1.621600,1.621600,0
20090826 131700,1.621500,1.621500,1.621400,1.621500,0
20090826 131800,1.621500,1.621500,1.621200,1.621400,0
20090826 131900,1.621300,1.621600,1.621300,1.621600,0
20090826 132000,1.621600,1.621600,1.621300,1.621400,0
20090826 132100,1.621400,1.621600,1.621400,1.621600,0
20090826 132200,1.621500,1.621800,1.621400,1.621800,0
20090826 132300,1.621900,1.622000,1.621900,1.622000,0
20090826 132400,1.622000,1.622100,1.622000,1.622000,0
20090826 132500,1.621900,1.621900,1.621300,1.621300,0
20090826 132600,1.621300,1.621400,1.621200,1.621300,0
20090826 132700,1.621200,1.621200,1.621100,1.621200,0
20090826 132800,1.621200,1.621400,1.621200,1.621300,0
20090826 132900,1.621400,1.621800,1.621300,1.621600,0
20090826 133000,1.621700,1.621800,1.621600,1.621800,0
20090826 133100,1.621700,1.621700,1.621400,1.621600,0
20090826 133200,1.621600,1.622000,1.621600,1.622000,0
20090826 133300,1.622200,1.622200,1.622100,1.622200,0
20090826 133400,1.622100,1.622600,1.622100,1.622600,0
20090826 133500,1.622700,1.622700,1.622500,1.622500,0
20090826 133600,1.622400,1.622500,1.621800,1.621800,0
20090826 133700,1.621800,1.621800,1.621600,1.621700,0
20090826 133800,1.621700,1.621900,1.621400,1.621800,0
20090826 133900,1.621800,1.622100,1.621800,1.622000,0
20090826 134000,1.622100,1.622100,1.621900,1.621900,0
20090826 134100,1.621900,1.621900,1.621600,1.621700,0
20090826 134200,1.621700,1.621800,1.621500,1.621700,0
20090826 134300,1.621700,1.621700,1.621500,1.621600,0
20090826 134400,1.621500,1.621700,1.621500,1.621700,0
20090826 134500,1.621700,1.622000,1.621600,1.621800,0
20090826 134600,1.621700,1.621700,1.621100,1.621300,0
20090826 134700,1.621200,1.621300,1.621200,1.621300,0
20090826 134800,1.621400,1.622000,1.621300,1.621800,0
20090826 134900,1.621900,1.621900,1.621700,1.621700,0
20090826 135000,1.621800,1.622200,1.621800,1.621800,0
20090826 135100,1.621700,1.621800,1.621700,1.621700,0
20090826 135200,1.621800,1.622000,1.621600,1.621600,0
20090826 135300,1.621600,1.621600,1.621500,1.621600,0
20090826 135400,1.621600,1.621900,1.621500,1.621800,0
20090826 135500,1.621900,1.622200,1.621800,1.622200,0
20090826 135600,1.622100,1.622700,1.622100,1.622700,0
20090826 135700,1.622600,1.623000,1.622500,1.622700,0
20090826 135800,1.622600,1.622700,1.622000,1.622400,0
20090826 135900,1.622400,1.622700,1.622400,1.622700,0
20090826 140000,1.622700,1.622800,1.622400,1.622800,0
20090826 140100,1.622700,1.622800,1.622400,1.622800,0
20090826 140200,1.622700,1.622900,1.622700,1.622900,0
20090826 140300,1.623000,1.623100,1.622700,1.622700,0
20090826 140400,1.622700,1.622700,1.622600,1.622600,0
20090826 140500,1.622700,1.622700,1.622400,1.622600,0
20090826 140600,1.622600,1.622600,1.622300,1.622400,0
20090826 140700,1.622500,1.622700,1.622400,1.622700,0
20090826 140900,1.622700,1.622700,1.622500,1.622500,0
20090826 141000,1.622400,1.622600,1.622400,1.622600,0
20090826 141100,1.622600,1.623100,1.622500,1.623100,0
20090826 141200,1.623200,1.623300,1.623200,1.623200,0
20090826 141300,1.623200,1.623200,1.623100,1.623100,0
20090826 141400,1.623000,1.623100,1.622700,1.623100,0
20090826 141500,1.623100,1.623300,1.623100,1.623200,0
20090826 141600,1.623300,1.623300,1.623200,1.623300,0
20090826 141700,1.623300,1.623500,1.623300,1.623500,0
20090826 141800,1.623400,1.623500,1.623400,1.623500,0
20090826 141900,1.623400,1.623400,1.623300,1.623400,0
20090826 142000,1.623300,1.623400,1.623300,1.623300,0
20090826 142100,1.623400,1.623400,1.623200,1.623300,0
20090826 142200,1.623200,1.623900,1.623200,1.623800,0
20090826 142300,1.623700,1.623700,1.623100,1.623200,0
20090826 142400,1.623100,1.623400,1.623000,1.623400,0
20090826 142500,1.623300,1.623700,1.623300,1.623500,0
20090826 142600,1.623500,1.623700,1.623500,1.623500,0
20090826 142700,1.623500,1.623600,1.623300,1.623600,0
20090826 142800,1.623500,1.623700,1.623400,1.623400,0
20090826 142900,1.623400,1.623400,1.623200,1.623200,0
20090826 143000,1.623200,1.623800,1.623200,1.623700,0
20090826 143100,1.623800,1.623900,1.623800,1.623800,0
20090826 143200,1.623800,1.623800,1.623600,1.623600,0
20090826 143300,1.623600,1.623600,1.623400,1.623600,0
20090826 143400,1.623500,1.623600,1.623100,1.623600,0
20090826 143500,1.623600,1.623800,1.623600,1.623700,0
20090826 143600,1.623800,1.624000,1.623800,1.623900,0
20090826 143700,1.623800,1.623800,1.623600,1.623700,0
20090826 143800,1.623600,1.623800,1.623600,1.623800,0
20090826 143900,1.623800,1.624100,1.623800,1.624100,0
20090826 144000,1.624000,1.624000,1.624000,1.624000,0
20090826 144100,1.623900,1.624100,1.623900,1.624100,0
20090826 144200,1.624100,1.624100,1.623900,1.623900,0
20090826 144300,1.624100,1.624100,1.623900,1.623900,0
20090826 144400,1.624000,1.624000,1.624000,1.624000,0
20090826 144500,1.624100,1.624300,1.624100,1.624200,0
20090826 144600,1.624200,1.624300,1.624200,1.624300,0
20090826 144700,1.624300,1.624400,1.624200,1.624400,0
20090826 144800,1.624400,1.624500,1.624400,1.624400,0
20090826 144900,1.624300,1.624300,1.624000,1.624200,0
20090826 145000,1.624100,1.624300,1.624000,1.624100,0
20090826 145100,1.624200,1.624200,1.623800,1.623900,0
20090826 145200,1.624000,1.624000,1.623500,1.623700,0
20090826 145300,1.623700,1.623800,1.623400,1.623500,0
20090826 145400,1.623500,1.623700,1.623500,1.623600,0
20090826 145500,1.623500,1.623900,1.623500,1.623700,0
20090826 145600,1.623600,1.623800,1.623500,1.623700,0
20090826 145700,1.623600,1.624000,1.623600,1.624000,0
20090826 145800,1.624000,1.624000,1.623700,1.623900,0
20090826 145900,1.623900,1.623900,1.623500,1.623500,0
20090826 150000,1.623500,1.623900,1.623500,1.623800,0
20090826 150100,1.623700,1.623900,1.623700,1.623700,0
20090826 150200,1.623800,1.623900,1.623700,1.623700,0
20090826 150300,1.623800,1.624000,1.623700,1.623900,0
20090826 150400,1.623900,1.624200,1.623900,1.624000,0
20090826 150500,1.624100,1.624100,1.623800,1.624000,0
20090826 150600,1.624000,1.624200,1.624000,1.624100,0
20090826 150700,1.624100,1.624100,1.624100,1.624100,0
20090826 150800,1.624000,1.624400,1.624000,1.624400,0
20090826 150900,1.624400,1.624400,1.624200,1.624200,0
20090826 151000,1.624300,1.624400,1.624200,1.624300,0
20090826 151100,1.624300,1.624300,1.624100,1.624200,0
20090826 151200,1.624200,1.624200,1.624100,1.624100,0
20090826 151300,1.624100,1.624200,1.624100,1.624100,0
20090826 151400,1.624200,1.624300,1.624100,1.624200,0
20090826 151500,1.624200,1.624300,1.624200,1.624300,0
20090826 151600,1.624400,1.624400,1.624200,1.624200,0
20090826 151700,1.624100,1.624200,1.624100,1.624200,0
20090826 151800,1.624300,1.624300,1.624100,1.624200,0
20090826 151900,1.624300,1.624300,1.624100,1.624100,0
20090826 152100,1.624200,1.624200,1.624200,1.624200,0
20090826 152200,1.624200,1.624300,1.624200,1.624300,0
20090826 152400,1.624300,1.624300,1.624300,1.624300,0
20090826 152500,1.624300,1.624400,1.624300,1.624300,0
20090826 152600,1.624200,1.624300,1.624100,1.624300,0
20090826 152700,1.624200,1.624300,1.624200,1.624300,0
20090826 152800,1.624300,1.624500,1.624200,1.624300,0
20090826 152900,1.624300,1.624300,1.624200,1.624200,0
20090826 153000,1.624300,1.624300,1.624000,1.624200,0
20090826 153100,1.624200,1.624300,1.624100,1.624200,0
20090826 153200,1.624200,1.624300,1.624200,1.624200,0
20090826 153300,1.624200,1.624400,1.624200,1.624300,0
20090826 153400,1.624200,1.624400,1.624100,1.624200,0
20090826 153500,1.624200,1.624200,1.624000,1.624200,0
20090826 153600,1.624300,1.624300,1.624100,1.624200,0
20090826 153700,1.624100,1.624400,1.624100,1.624200,0
20090826 153800,1.624300,1.624300,1.624100,1.624200,0
20090826 153900,1.624200,1.624300,1.624000,1.624000,0
20090826 154000,1.624000,1.624200,1.623900,1.624000,0
20090826 154100,1.624000,1.624000,1.623900,1.624000,0
20090826 154200,1.624100,1.624100,1.624000,1.624000,0
20090826 154300,1.623900,1.624000,1.623800,1.623800,0
20090826 154400,1.623800,1.623900,1.623500,1.623900,0
20090826 154500,1.623900,1.624100,1.623700,1.623900,0
20090826 154600,1.623800,1.623900,1.623600,1.623700,0
20090826 154700,1.623600,1.623700,1.623500,1.623700,0
20090826 154800,1.623700,1.623900,1.623700,1.623900,0
20090826 154900,1.624000,1.624100,1.623900,1.624000,0
20090826 155000,1.624000,1.624000,1.624000,1.624000,0
20090826 155100,1.624100,1.624300,1.624000,1.624300,0
20090826 155200,1.624300,1.624300,1.624300,1.624300,0
20090826 155300,1.624200,1.624300,1.624200,1.624300,0
20090826 155400,1.624300,1.624300,1.624300,1.624300,0
20090826 155500,1.624200,1.624300,1.624200,1.624300,0
20090826 155600,1.624200,1.624400,1.624200,1.624300,0
20090826 155700,1.624500,1.624500,1.624300,1.624300,0
20090826 155900,1.624400,1.624600,1.624400,1.624500,0
20090826 160000,1.624700,1.624700,1.624200,1.624300,0
20090826 160100,1.624500,1.624600,1.624300,1.624300,0
20090826 160200,1.624400,1.624400,1.624200,1.624200,0
20090826 160300,1.624300,1.624300,1.624200,1.624200,0
20090826 160400,1.624200,1.624400,1.624200,1.624300,0
20090826 160500,1.624400,1.624600,1.624300,1.624400,0
20090826 160600,1.624400,1.624400,1.624200,1.624200,0
20090826 160700,1.624200,1.624200,1.624200,1.624200,0
20090826 160800,1.624200,1.624200,1.623900,1.624000,0
20090826 160900,1.624000,1.624000,1.624000,1.624000,0
20090826 161000,1.624100,1.624100,1.624000,1.624000,0
20090826 161100,1.624000,1.624000,1.623800,1.623800,0
20090826 161300,1.623700,1.623700,1.623500,1.623500,0
20090826 161400,1.623700,1.623800,1.623500,1.623600,0
20090826 161500,1.623700,1.623700,1.623700,1.623700,0
20090826 161600,1.623700,1.623700,1.623700,1.623700,0
20090826 161700,1.623900,1.623900,1.623900,1.623900,0
20090826 161800,1.623700,1.623700,1.623700,1.623700,0
20090826 161900,1.623600,1.623700,1.623600,1.623600,0
20090826 162000,1.623600,1.623700,1.623600,1.623700,0
20090826 162100,1.623800,1.623800,1.623700,1.623700,0
20090826 162300,1.623700,1.623700,1.623600,1.623600,0
20090826 162500,1.623800,1.623800,1.623800,1.623800,0
20090826 162600,1.623700,1.623900,1.623700,1.623900,0
20090826 162700,1.623800,1.624100,1.623700,1.623900,0
20090826 162800,1.623800,1.623900,1.623700,1.623900,0
20090826 162900,1.623900,1.624000,1.623900,1.624000,0
20090826 163000,1.624100,1.624200,1.624100,1.624200,0
20090826 163100,1.624100,1.624100,1.624100,1.624100,0
20090826 163200,1.624100,1.624100,1.624100,1.624100,0
20090826 163300,1.624100,1.624400,1.624100,1.624400,0
20090826 163400,1.624400,1.624500,1.624400,1.624400,0
20090826 163800,1.624400,1.624500,1.624400,1.624400,0
20090826 163900,1.624400,1.624500,1.624400,1.624500,0
20090826 164000,1.624400,1.624500,1.624400,1.624500,0
20090826 164100,1.624400,1.624400,1.624400,1.624400,0
20090826 164200,1.624400,1.624500,1.624400,1.624500,0
20090826 164300,1.624600,1.624600,1.624500,1.624500,0
20090826 164500,1.624500,1.624500,1.624500,1.624500,0
20090826 164600,1.624500,1.624500,1.624400,1.624400,0
20090826 164700,1.624500,1.624500,1.624400,1.624500,0
20090826 164800,1.624300,1.624300,1.624100,1.624100,0
20090826 165000,1.624000,1.624100,1.624000,1.624000,0
20090826 165300,1.624100,1.624300,1.624100,1.624300,0
20090826 165400,1.624400,1.624400,1.624100,1.624300,0
20090826 165500,1.624300,1.624400,1.624300,1.624300,0
20090826 165600,1.624400,1.624500,1.624300,1.624500,0
20090826 165700,1.624400,1.624500,1.624400,1.624500,0
20090826 165800,1.624600,1.624700,1.624500,1.624600,0
20090826 165900,1.624700,1.624800,1.624600,1.624700,0
20090826 170000,1.624900,1.624900,1.624600,1.624600,0
20090826 170200,1.624500,1.624500,1.624500,1.624500,0
20090826 170300,1.624400,1.624400,1.624400,1.624400,0
20090826 170600,1.624500,1.624500,1.624300,1.624300,0
20090826 170700,1.624200,1.624200,1.623600,1.623600,0
20090826 170800,1.623900,1.624100,1.623600,1.623700,0
20090826 170900,1.624000,1.624100,1.623600,1.624000,0
20090826 171300,1.624100,1.624100,1.623900,1.623900,0
20090826 171400,1.623800,1.623800,1.623800,1.623800,0
20090826 171900,1.623900,1.623900,1.623900,1.623900,0
20090826 172000,1.623800,1.623800,1.623800,1.623800,0
20090826 172200,1.623600,1.623600,1.623600,1.623600,0
20090826 172300,1.623700,1.623800,1.623500,1.623500,0
20090826 172400,1.623500,1.623700,1.623400,1.623500,0
20090826 172500,1.623400,1.623400,1.623400,1.623400,0
20090826 172600,1.623700,1.623900,1.623700,1.623900,0
20090826 172900,1.624000,1.624000,1.624000,1.624000,0
20090826 173000,1.623900,1.624000,1.623900,1.623900,0
20090826 173100,1.623600,1.623900,1.623600,1.623600,0
20090826 173200,1.623700,1.623700,1.623600,1.623600,0
20090826 173300,1.623500,1.623600,1.623500,1.623600,0
20090826 173700,1.623700,1.623700,1.623500,1.623500,0
20090826 173800,1.623600,1.623600,1.623600,1.623600,0
20090826 173900,1.623700,1.623700,1.623100,1.623200,0
20090826 174000,1.623200,1.623200,1.623000,1.623000,0
20090826 174100,1.623100,1.623100,1.622100,1.622700,0
20090826 174200,1.622700,1.622700,1.622700,1.622700,0
20090826 174300,1.622600,1.622600,1.622500,1.622600,0
20090826 174400,1.622600,1.622600,1.622600,1.622600,0
20090826 174500,1.622700,1.623100,1.622700,1.623000,0
20090826 174600,1.623100,1.623100,1.622900,1.623000,0
20090826 174700,1.623100,1.623100,1.623000,1.623000,0
20090826 174800,1.623100,1.623100,1.623000,1.623000,0
20090826 174900,1.623000,1.623000,1.622900,1.622900,0
20090826 175000,1.623000,1.623300,1.623000,1.623200,0
20090826 175100,1.623200,1.623200,1.623200,1.623200,0
20090826 175200,1.623200,1.623200,1.623200,1.623200,0
20090826 175300,1.623100,1.623200,1.623100,1.623100,0
20090826 175400,1.623200,1.623200,1.623100,1.623100,0
20090826 175500,1.623200,1.623200,1.622900,1.623000,0
20090826 175600,1.623000,1.623000,1.622900,1.622900,0
20090826 175700,1.623000,1.623200,1.623000,1.623200,0
20090826 175800,1.623200,1.623200,1.622500,1.622800,0
20090826 175900,1.622900,1.623100,1.622900,1.622900,0
20090826 180000,1.622900,1.622900,1.622900,1.622900,0
20090826 180200,1.623100,1.623200,1.623000,1.623000,0
20090826 180300,1.623100,1.623200,1.623000,1.623200,0
20090826 180400,1.623000,1.623200,1.623000,1.623200,0
20090826 180500,1.623200,1.623200,1.623100,1.623200,0
20090826 180600,1.623200,1.623300,1.623100,1.623300,0
20090826 180700,1.623400,1.623900,1.623400,1.623800,0
20090826 180800,1.623700,1.624100,1.623700,1.624100,0
20090826 180900,1.624100,1.624200,1.623500,1.623500,0
20090826 181000,1.623600,1.623700,1.623400,1.623700,0
20090826 181100,1.623600,1.623700,1.623600,1.623600,0
20090826 181200,1.623700,1.623700,1.623600,1.623700,0
20090826 181300,1.623600,1.623700,1.623600,1.623700,0
20090826 181700,1.623700,1.623700,1.623700,1.623700,0
20090826 181800,1.623700,1.623700,1.623500,1.623500,0
20090826 181900,1.623600,1.623600,1.623600,1.623600,0
20090826 182000,1.623600,1.623700,1.623600,1.623700,0
20090826 182100,1.623600,1.623600,1.623600,1.623600,0
20090826 182200,1.623500,1.623700,1.623500,1.623600,0
20090826 182300,1.623500,1.623600,1.623500,1.623500,0
20090826 182400,1.623600,1.623600,1.623500,1.623500,0
20090826 182500,1.623500,1.623500,1.623500,1.623500,0
20090826 182600,1.623500,1.623500,1.623500,1.623500,0
20090826 182800,1.623500,1.623500,1.623500,1.623500,0
20090826 182900,1.623500,1.623500,1.623500,1.623500,0
20090826 183000,1.623400,1.623500,1.623400,1.623400,0
20090826 183100,1.623500,1.623500,1.623500,1.623500,0
20090826 183200,1.623600,1.623600,1.623500,1.623600,0
20090826 183300,1.623800,1.623900,1.623600,1.623800,0
20090826 183400,1.623600,1.624100,1.623600,1.623900,0
20090826 183500,1.623800,1.623800,1.623400,1.623400,0
20090826 183600,1.623400,1.623500,1.623400,1.623400,0
20090826 183700,1.623400,1.623500,1.623400,1.623500,0
20090826 183800,1.623400,1.623800,1.623200,1.623700,0
20090826 183900,1.623800,1.623800,1.623100,1.623200,0
20090826 184000,1.623200,1.623200,1.623200,1.623200,0
20090826 184100,1.623200,1.623300,1.623200,1.623300,0
20090826 184200,1.623400,1.623500,1.623200,1.623200,0
20090826 184300,1.623200,1.623300,1.623200,1.623300,0
20090826 184400,1.623300,1.623300,1.623200,1.623300,0
20090826 184500,1.623200,1.623500,1.623100,1.623100,0
20090826 184600,1.623200,1.623200,1.623100,1.623200,0
20090826 184700,1.623100,1.623200,1.623100,1.623200,0
20090826 184800,1.623200,1.623400,1.623200,1.623400,0
20090826 184900,1.623500,1.623700,1.623400,1.623400,0
20090826 185000,1.623400,1.623800,1.623400,1.623700,0
20090826 185100,1.623800,1.623800,1.623500,1.623600,0
20090826 185200,1.623500,1.623700,1.623500,1.623500,0
20090826 185300,1.623600,1.623700,1.623500,1.623600,0
20090826 185400,1.623500,1.623700,1.623500,1.623500,0
20090826 185600,1.623500,1.623500,1.623500,1.623500,0
20090826 185700,1.623500,1.623500,1.623400,1.623500,0
20090826 185800,1.623400,1.623500,1.623300,1.623500,0
20090826 185900,1.623500,1.623500,1.623100,1.623100,0
20090826 190000,1.623100,1.623600,1.623100,1.623600,0
20090826 190100,1.623500,1.623800,1.623400,1.623400,0
20090826 190200,1.623500,1.623500,1.623300,1.623400,0
20090826 190300,1.623300,1.623400,1.623200,1.623300,0
20090826 190400,1.623200,1.623500,1.623200,1.623500,0
20090826 190500,1.623400,1.623700,1.623400,1.623700,0
20090826 190600,1.623700,1.623800,1.623600,1.623700,0
20090826 190700,1.623700,1.624000,1.623700,1.623900,0
20090826 190800,1.623800,1.623800,1.623800,1.623800,0
20090826 190900,1.623900,1.623900,1.623800,1.623800,0
20090826 191000,1.623900,1.623900,1.623700,1.623800,0
20090826 191100,1.623800,1.624000,1.623700,1.624000,0
20090826 191200,1.623900,1.623900,1.623800,1.623800,0
20090826 191300,1.623900,1.623900,1.623800,1.623800,0
20090826 191400,1.623800,1.623800,1.623800,1.623800,0
20090826 191500,1.623800,1.623900,1.623800,1.623900,0
20090826 191600,1.623800,1.623900,1.623800,1.623900,0
20090826 191700,1.623900,1.624000,1.623900,1.624000,0
20090826 191800,1.624200,1.624200,1.624000,1.624000,0
20090826 191900,1.624000,1.624100,1.624000,1.624000,0
20090826 192000,1.624000,1.624000,1.624000,1.624000,0
20090826 192100,1.623900,1.623900,1.623600,1.623600,0
20090826 192200,1.623700,1.623800,1.623600,1.623800,0
20090826 192300,1.623700,1.623700,1.623700,1.623700,0
20090826 192400,1.623700,1.623800,1.623700,1.623800,0
20090826 192500,1.623700,1.623800,1.623600,1.623600,0
20090826 192600,1.623700,1.623700,1.623700,1.623700,0
20090826 192800,1.623700,1.623700,1.623500,1.623500,0
20090826 192900,1.623500,1.623600,1.623500,1.623500,0
20090826 193000,1.623500,1.623500,1.623200,1.623200,0
20090826 193100,1.623200,1.623200,1.623000,1.623100,0
20090826 193200,1.623300,1.623400,1.623200,1.623200,0
20090826 193300,1.623200,1.623200,1.622900,1.623100,0
20090826 193400,1.623100,1.623400,1.623100,1.623200,0
20090826 193500,1.623200,1.623400,1.623200,1.623300,0
20090826 193600,1.623400,1.623400,1.623300,1.623300,0
20090826 193700,1.623200,1.623300,1.623200,1.623300,0
20090826 193800,1.623200,1.623300,1.623200,1.623200,0
20090826 193900,1.623300,1.623300,1.623200,1.623200,0
20090826 194000,1.623200,1.623300,1.623200,1.623200,0
20090826 194100,1.623300,1.623300,1.622900,1.622900,0
20090826 194200,1.622900,1.622900,1.622700,1.622800,0
20090826 194300,1.623000,1.623100,1.623000,1.623000,0
20090826 194400,1.622800,1.622800,1.622700,1.622700,0
20090826 194500,1.622700,1.622800,1.622600,1.622600,0
20090826 194600,1.622600,1.622700,1.622500,1.622500,0
20090826 194700,1.622500,1.622500,1.622400,1.622500,0
20090826 194800,1.622400,1.622500,1.622400,1.622500,0
20090826 194900,1.622400,1.622500,1.622400,1.622400,0
20090826 195000,1.622300,1.622400,1.622200,1.622200,0
20090826 195100,1.622100,1.622500,1.622100,1.622200,0
20090826 195200,1.622300,1.622400,1.622200,1.622200,0
20090826 195300,1.622300,1.622500,1.622300,1.622500,0
20090826 195400,1.622400,1.622500,1.622400,1.622400,0
20090826 195500,1.622400,1.622500,1.622300,1.622300,0
20090826 195600,1.622300,1.622600,1.622300,1.622500,0
20090826 195700,1.622400,1.622500,1.622400,1.622500,0
20090826 195800,1.622400,1.622500,1.622400,1.622400,0
20090826 195900,1.622500,1.622500,1.622400,1.622500,0
20090826 200000,1.622600,1.623100,1.622500,1.623000,0
20090826 200100,1.623100,1.623300,1.623100,1.623300,0
20090826 200200,1.623300,1.623300,1.623200,1.623200,0
20090826 200300,1.623200,1.623200,1.623200,1.623200,0
20090826 200400,1.623200,1.623200,1.623200,1.623200,0
20090826 200500,1.623200,1.623200,1.623000,1.623000,0
20090826 200600,1.623200,1.623200,1.623000,1.623000,0
20090826 200700,1.623100,1.623100,1.622900,1.622900,0
20090826 200800,1.622900,1.622900,1.622900,1.622900,0
20090826 200900,1.622900,1.622900,1.622700,1.622800,0
20090826 201000,1.622800,1.623000,1.622800,1.623000,0
20090826 201100,1.622900,1.622900,1.622800,1.622900,0
20090826 201200,1.622800,1.622800,1.622800,1.622800,0
20090826 201300,1.622800,1.622800,1.622800,1.622800,0
20090826 201400,1.622800,1.623000,1.622800,1.622900,0
20090826 201600,1.623000,1.623000,1.623000,1.623000,0
20090826 201700,1.623200,1.623200,1.623100,1.623200,0
20090826 201800,1.623200,1.623400,1.623200,1.623400,0
20090826 201900,1.623300,1.623400,1.623300,1.623400,0
20090826 202100,1.623300,1.623400,1.623200,1.623300,0
20090826 202200,1.623200,1.623300,1.622800,1.623000,0
20090826 202300,1.622900,1.623200,1.622900,1.623100,0
20090826 202400,1.623200,1.623300,1.622900,1.622900,0
20090826 202500,1.622900,1.623200,1.622900,1.622900,0
20090826 202600,1.623100,1.623600,1.623000,1.623400,0
20090826 202700,1.623400,1.623400,1.623400,1.623400,0
20090826 202800,1.623400,1.623400,1.623300,1.623300,0
20090826 202900,1.623300,1.623300,1.623200,1.623300,0
20090826 203000,1.623300,1.623300,1.623000,1.623200,0
20090826 203100,1.623100,1.623100,1.623000,1.623000,0
20090826 203200,1.623000,1.623000,1.622500,1.622500,0
20090826 203300,1.622500,1.622500,1.622200,1.622300,0
20090826 203400,1.622200,1.622300,1.621700,1.621700,0
20090826 203500,1.621700,1.621900,1.621400,1.621900,0
20090826 203600,1.621900,1.622100,1.621800,1.621900,0
20090826 203700,1.621900,1.622100,1.621900,1.621900,0
20090826 203800,1.621900,1.621900,1.621600,1.621700,0
20090826 203900,1.621600,1.621900,1.621600,1.621600,0
20090826 204000,1.621500,1.621500,1.621400,1.621500,0
20090826 204100,1.621600,1.621600,1.621500,1.621500,0
20090826 204200,1.621600,1.621600,1.621400,1.621400,0
20090826 204300,1.621400,1.621600,1.621400,1.621500,0
20090826 204400,1.621600,1.621800,1.621500,1.621800,0
20090826 204500,1.622000,1.622300,1.622000,1.622300,0
20090826 204600,1.622200,1.622500,1.622200,1.622500,0
20090826 204700,1.622500,1.622500,1.621600,1.621700,0
20090826 204800,1.621900,1.622200,1.621700,1.622000,0
20090826 204900,1.622000,1.622000,1.621700,1.622000,0
20090826 205000,1.621900,1.622200,1.621900,1.622200,0
20090826 205100,1.622100,1.622200,1.622100,1.622200,0
20090826 205200,1.622100,1.622100,1.621800,1.621900,0
20090826 205300,1.622000,1.622000,1.621800,1.621800,0
20090826 205400,1.621800,1.622000,1.621600,1.621700,0
20090826 205500,1.621700,1.621800,1.621700,1.621800,0
20090826 205600,1.621900,1.621900,1.621700,1.621800,0
20090826 205700,1.621700,1.621800,1.621600,1.621800,0
20090826 205800,1.621700,1.621800,1.621700,1.621700,0
20090826 205900,1.621600,1.621600,1.621500,1.621500,0
20090826 210000,1.621600,1.621700,1.621600,1.621600,0
20090826 210100,1.621700,1.621700,1.621500,1.621500,0
20090826 210200,1.621400,1.621500,1.621300,1.621300,0
20090826 210300,1.621100,1.621100,1.621000,1.621100,0
20090826 210400,1.621200,1.621400,1.621100,1.621400,0
20090826 210500,1.621400,1.621500,1.621200,1.621400,0
20090826 210600,1.621300,1.621400,1.621300,1.621300,0
20090826 210700,1.621200,1.621200,1.621000,1.621000,0
20090826 210800,1.621000,1.621100,1.621000,1.621000,0
20090826 210900,1.621000,1.621300,1.621000,1.621300,0
20090826 211000,1.621300,1.621600,1.621300,1.621400,0
20090826 211100,1.621500,1.621600,1.621400,1.621400,0
20090826 211200,1.621400,1.621500,1.621400,1.621400,0
20090826 211300,1.621500,1.621800,1.621400,1.621700,0
20090826 211400,1.621700,1.621700,1.621600,1.621600,0
20090826 211500,1.621500,1.621600,1.621500,1.621600,0
20090826 211600,1.621600,1.622000,1.621500,1.622000,0
20090826 211700,1.622000,1.622100,1.621900,1.622000,0
20090826 211800,1.622000,1.622000,1.621800,1.621800,0
20090826 211900,1.621900,1.621900,1.621400,1.621400,0
20090826 212000,1.621500,1.621900,1.621400,1.621900,0
20090826 212100,1.621800,1.622700,1.621800,1.622700,0
20090826 212200,1.622500,1.622500,1.622000,1.622200,0
20090826 212300,1.622200,1.622400,1.622200,1.622400,0
20090826 212400,1.622400,1.622400,1.621900,1.622100,0
20090826 212500,1.622100,1.622300,1.622100,1.622200,0
20090826 212600,1.622300,1.622400,1.622100,1.622300,0
20090826 212700,1.622400,1.622600,1.622300,1.622600,0
20090826 212800,1.622600,1.623100,1.622600,1.623000,0
20090826 212900,1.622900,1.622900,1.622100,1.622300,0
20090826 213000,1.622400,1.622700,1.622000,1.622000,0
20090826 213100,1.622000,1.622200,1.621800,1.621800,0
20090826 213200,1.621900,1.622500,1.621900,1.622400,0
20090826 213300,1.622300,1.622600,1.622300,1.622500,0
20090826 213400,1.622600,1.623100,1.622500,1.623100,0
20090826 213500,1.623200,1.623300,1.623100,1.623100,0
20090826 213600,1.623000,1.623000,1.622600,1.622700,0
20090826 213700,1.622700,1.622900,1.622700,1.622900,0
20090826 213800,1.622800,1.623100,1.622800,1.623000,0
20090826 213900,1.622900,1.623100,1.622900,1.623100,0
20090826 214000,1.623100,1.623100,1.622500,1.622700,0
20090826 214100,1.622600,1.622600,1.622500,1.622500,0
20090826 214200,1.622500,1.622800,1.622500,1.622800,0
20090826 214300,1.622800,1.623000,1.622800,1.623000,0
20090826 214400,1.623000,1.623100,1.623000,1.623000,0
20090826 214500,1.623100,1.623200,1.623100,1.623200,0
20090826 214600,1.623200,1.623200,1.623200,1.623200,0
20090826 214700,1.623200,1.623400,1.623200,1.623400,0
20090826 214800,1.623400,1.623400,1.623400,1.623400,0
20090826 214900,1.623300,1.623300,1.623100,1.623200,0
20090826 215000,1.623100,1.623100,1.622700,1.622800,0
20090826 215100,1.622800,1.622900,1.622800,1.622800,0
20090826 215200,1.622700,1.623000,1.622700,1.622700,0
20090826 215300,1.622800,1.622800,1.622500,1.622500,0
20090826 215400,1.622600,1.622700,1.622500,1.622600,0
20090826 215500,1.622700,1.622700,1.622300,1.622500,0
20090826 215600,1.622400,1.622600,1.622300,1.622500,0
20090826 215700,1.622500,1.622600,1.622300,1.622300,0
20090826 215800,1.622300,1.622600,1.622200,1.622600,0
20090826 215900,1.622700,1.622700,1.622400,1.622500,0
20090826 220000,1.622500,1.622600,1.622400,1.622400,0
20090826 220100,1.622500,1.622700,1.622500,1.622600,0
20090826 220200,1.622700,1.622700,1.622600,1.622600,0
20090826 220300,1.622600,1.622700,1.622600,1.622700,0
20090826 220400,1.622700,1.622900,1.622700,1.622900,0
20090826 220500,1.623000,1.623200,1.622900,1.623200,0
20090826 220600,1.623400,1.623400,1.623200,1.623300,0
20090826 220700,1.623400,1.623400,1.623000,1.623100,0
20090826 220800,1.623200,1.623200,1.623000,1.623000,0
20090826 220900,1.623000,1.623200,1.623000,1.623000,0
20090826 221000,1.623000,1.623000,1.622500,1.622700,0
20090826 221100,1.622800,1.622900,1.622700,1.622700,0
20090826 221200,1.622800,1.623200,1.622800,1.623000,0
20090826 221300,1.623100,1.623600,1.623100,1.623300,0
20090826 221400,1.623400,1.623400,1.623200,1.623200,0
20090826 221500,1.623300,1.623600,1.623200,1.623500,0
20090826 221600,1.623500,1.623600,1.623000,1.623000,0
20090826 221700,1.623000,1.623200,1.623000,1.623100,0
20090826 221800,1.623200,1.623200,1.622900,1.623000,0
20090826 221900,1.623000,1.623000,1.622500,1.622700,0
20090826 222000,1.622700,1.622800,1.622400,1.622500,0
20090826 222100,1.622500,1.623000,1.622500,1.622900,0
20090826 222200,1.623000,1.623000,1.622700,1.622700,0
20090826 222300,1.622800,1.622800,1.622600,1.622800,0
20090826 222400,1.622800,1.622900,1.622800,1.622900,0
20090826 222500,1.623000,1.623300,1.622900,1.623100,0
20090826 222600,1.623200,1.623200,1.623000,1.623100,0
20090826 222700,1.623200,1.623200,1.623100,1.623100,0
20090826 222800,1.623200,1.623600,1.623200,1.623500,0
20090826 222900,1.623400,1.623400,1.622900,1.622900,0
20090826 223000,1.622900,1.623200,1.622900,1.623200,0
20090826 223100,1.623300,1.623500,1.623300,1.623300,0
20090826 223200,1.623400,1.623400,1.623200,1.623400,0
20090826 223300,1.623400,1.623400,1.623300,1.623400,0
20090826 223400,1.623300,1.623400,1.623300,1.623400,0
20090826 223500,1.623400,1.623800,1.623300,1.623600,0
20090826 223600,1.623500,1.623800,1.623500,1.623800,0
20090826 223700,1.623900,1.624100,1.623600,1.623700,0
20090826 223800,1.623600,1.623600,1.623300,1.623400,0
20090826 223900,1.623400,1.623800,1.623400,1.623800,0
20090826 224000,1.623700,1.624000,1.623700,1.623900,0
20090826 224100,1.624000,1.624000,1.623600,1.623700,0
20090826 224200,1.623700,1.623900,1.623500,1.623500,0
20090826 224300,1.623600,1.623700,1.623500,1.623700,0
20090826 224400,1.623800,1.624000,1.623600,1.624000,0
20090826 224500,1.624000,1.624100,1.623800,1.623800,0
20090826 224600,1.623800,1.623800,1.623600,1.623700,0
20090826 224700,1.623600,1.623700,1.623500,1.623500,0
20090826 224800,1.623500,1.623600,1.622900,1.623400,0
20090826 224900,1.623300,1.623300,1.623000,1.623000,0
20090826 225000,1.623100,1.623100,1.622600,1.622700,0
20090826 225100,1.622600,1.623100,1.622600,1.623000,0
20090826 225200,1.623000,1.623700,1.623000,1.623600,0
20090826 225300,1.623500,1.623500,1.623000,1.623100,0
20090826 225400,1.623100,1.623300,1.623100,1.623300,0
20090826 225500,1.623400,1.623600,1.623300,1.623600,0
20090826 225600,1.623500,1.623500,1.623400,1.623500,0
20090826 225800,1.623400,1.623700,1.623200,1.623600,0
20090826 225900,1.623400,1.623800,1.623400,1.623600,0
20090826 230000,1.623600,1.623800,1.623600,1.623700,0
20090826 230100,1.623600,1.623700,1.622900,1.622900,0
20090826 230200,1.623000,1.623000,1.622800,1.623000,0
20090826 230300,1.622900,1.623300,1.622900,1.623300,0
20090826 230400,1.623200,1.623200,1.623000,1.623100,0
20090826 230500,1.623200,1.623300,1.623200,1.623200,0
20090826 230600,1.623300,1.623300,1.623200,1.623300,0
20090826 230700,1.623200,1.623400,1.623200,1.623200,0
20090826 230800,1.623200,1.623800,1.623200,1.623800,0
20090826 230900,1.623700,1.623800,1.623100,1.623200,0
20090826 231000,1.623100,1.623200,1.623100,1.623200,0
20090826 231100,1.623200,1.623200,1.623100,1.623200,0
20090826 231200,1.623100,1.623200,1.623100,1.623200,0
20090826 231300,1.623200,1.623300,1.623100,1.623200,0
20090826 231400,1.623200,1.623400,1.623200,1.623200,0
20090826 231500,1.623300,1.623300,1.623000,1.623200,0
20090826 231600,1.623100,1.623400,1.623000,1.623000,0
20090826 231700,1.622900,1.623000,1.622700,1.622800,0
20090826 231800,1.622700,1.623000,1.622700,1.622900,0
20090826 231900,1.623000,1.623000,1.622800,1.622900,0
20090826 232000,1.623000,1.623600,1.623000,1.623500,0
20090826 232100,1.623500,1.623600,1.623400,1.623400,0
20090826 232200,1.623400,1.623400,1.623300,1.623400,0
20090826 232300,1.623500,1.623500,1.623300,1.623400,0
20090826 232400,1.623300,1.623300,1.623000,1.623100,0
20090826 232500,1.623100,1.623200,1.623100,1.623100,0
20090826 232600,1.623100,1.623100,1.623100,1.623100,0
20090826 232700,1.623000,1.623300,1.623000,1.623200,0
20090826 232800,1.623200,1.623400,1.623100,1.623200,0
20090826 232900,1.623200,1.623200,1.623200,1.623200,0
20090826 233000,1.623000,1.623100,1.622900,1.623000,0
20090826 233100,1.623000,1.623100,1.622800,1.622800,0
20090826 233200,1.622800,1.623300,1.622800,1.623200,0
20090826 233300,1.623200,1.623200,1.622900,1.622900,0
20090826 233400,1.623200,1.623200,1.622800,1.622800,0
20090826 233500,1.622900,1.622900,1.622700,1.622800,0
20090826 233600,1.622700,1.622800,1.622600,1.622600,0
20090826 233700,1.622300,1.622500,1.621900,1.622000,0
20090826 233800,1.622000,1.622300,1.621700,1.621800,0
20090826 233900,1.621600,1.621600,1.621300,1.621600,0
20090826 234000,1.621600,1.622000,1.621600,1.621700,0
20090826 234100,1.621600,1.621700,1.621400,1.621400,0
20090826 234200,1.621400,1.621600,1.621100,1.621600,0
20090826 234300,1.621600,1.621700,1.621400,1.621500,0
20090826 234400,1.621400,1.621400,1.621200,1.621200,0
20090826 234500,1.621200,1.621400,1.621200,1.621400,0
20090826 234600,1.621500,1.621700,1.621200,1.621200,0
20090826 234700,1.621200,1.621200,1.621000,1.621100,0
20090826 234800,1.621100,1.621600,1.621100,1.621600,0
20090826 234900,1.621700,1.621700,1.621600,1.621600,0
20090826 235000,1.621500,1.621600,1.621100,1.621500,0
20090826 235100,1.621400,1.621500,1.621300,1.621500,0
20090826 235200,1.621400,1.621500,1.621400,1.621500,0
20090826 235300,1.621500,1.621600,1.621200,1.621300,0
20090826 235400,1.621300,1.621400,1.621300,1.621400,0
20090826 235500,1.621300,1.621400,1.621300,1.621400,0
20090826 235600,1.621300,1.621600,1.621300,1.621400,0
20090826 235700,1.621500,1.621600,1.620900,1.621000,0
20090826 235800,1.621100,1.621500,1.621100,1.621500,0
20090826 235900,1.621600,1.621600,1.621500,1.621500,0
