20020108 000000,132.610000,132.640000,132.610000,132.640000,0
20020108 000100,132.640000,132.640000,132.600000,132.600000,0
20020108 000200,132.610000,132.610000,132.600000,132.600000,0
20020108 000300,132.600000,132.640000,132.600000,132.630000,0
20020108 000400,132.620000,132.630000,132.620000,132.630000,0
20020108 000500,132.630000,132.640000,132.630000,132.640000,0
20020108 000600,132.640000,132.640000,132.610000,132.630000,0
20020108 000700,132.620000,132.620000,132.610000,132.610000,0
20020108 000800,132.620000,132.620000,132.610000,132.620000,0
20020108 000900,132.630000,132.630000,132.590000,132.590000,0
20020108 001000,132.580000,132.620000,132.560000,132.570000,0
20020108 001100,132.570000,132.570000,132.540000,132.560000,0
20020108 001200,132.560000,132.630000,132.560000,132.610000,0
20020108 001300,132.610000,132.620000,132.600000,132.600000,0
20020108 001400,132.590000,132.590000,132.580000,132.580000,0
20020108 001500,132.590000,132.590000,132.560000,132.560000,0
20020108 001700,132.570000,132.610000,132.570000,132.610000,0
20020108 001800,132.600000,132.600000,132.600000,132.600000,0
20020108 001900,132.590000,132.610000,132.590000,132.610000,0
20020108 002100,132.600000,132.600000,132.590000,132.590000,0
20020108 002300,132.600000,132.600000,132.600000,132.600000,0
20020108 002400,132.590000,132.590000,132.590000,132.590000,0
20020108 002500,132.580000,132.580000,132.580000,132.580000,0
20020108 003000,132.570000,132.580000,132.570000,132.580000,0
20020108 003100,132.560000,132.570000,132.540000,132.540000,0
20020108 003200,132.530000,132.530000,132.520000,132.530000,0
20020108 003300,132.520000,132.520000,132.500000,132.500000,0
20020108 003400,132.510000,132.520000,132.500000,132.520000,0
20020108 003500,132.510000,132.510000,132.510000,132.510000,0
20020108 003600,132.520000,132.530000,132.520000,132.530000,0
20020108 003700,132.540000,132.560000,132.540000,132.560000,0
20020108 003800,132.570000,132.570000,132.570000,132.570000,0
20020108 003900,132.560000,132.560000,132.530000,132.540000,0
20020108 004000,132.530000,132.550000,132.530000,132.550000,0
20020108 004300,132.540000,132.540000,132.540000,132.540000,0
20020108 004400,132.550000,132.550000,132.550000,132.550000,0
20020108 004500,132.540000,132.540000,132.540000,132.540000,0
20020108 004600,132.530000,132.530000,132.510000,132.510000,0
20020108 004700,132.520000,132.520000,132.510000,132.520000,0
20020108 004800,132.510000,132.510000,132.500000,132.510000,0
20020108 005100,132.570000,132.580000,132.570000,132.580000,0
20020108 005300,132.570000,132.570000,132.560000,132.560000,0
20020108 005500,132.550000,132.560000,132.550000,132.560000,0
20020108 005600,132.570000,132.580000,132.570000,132.580000,0
20020108 005700,132.600000,132.680000,132.590000,132.660000,0
20020108 005800,132.680000,132.690000,132.670000,132.680000,0
20020108 005900,132.690000,132.700000,132.690000,132.700000,0
20020108 010000,132.710000,132.710000,132.700000,132.700000,0
20020108 010100,132.710000,132.710000,132.700000,132.700000,0
20020108 010200,132.710000,132.710000,132.700000,132.700000,0
20020108 010300,132.680000,132.690000,132.680000,132.690000,0
20020108 010400,132.670000,132.690000,132.670000,132.690000,0
20020108 010500,132.700000,132.700000,132.690000,132.700000,0
20020108 010600,132.690000,132.700000,132.690000,132.700000,0
20020108 010700,132.690000,132.690000,132.690000,132.690000,0
20020108 010800,132.680000,132.680000,132.670000,132.670000,0
20020108 010900,132.670000,132.690000,132.670000,132.680000,0
20020108 011000,132.680000,132.730000,132.680000,132.710000,0
20020108 011100,132.710000,132.810000,132.710000,132.800000,0
20020108 011200,132.790000,132.800000,132.770000,132.790000,0
20020108 011300,132.780000,132.790000,132.780000,132.780000,0
20020108 011400,132.790000,132.800000,132.780000,132.790000,0
20020108 011500,132.780000,132.780000,132.770000,132.770000,0
20020108 011600,132.780000,132.790000,132.770000,132.790000,0
20020108 011700,132.790000,132.800000,132.780000,132.790000,0
20020108 011800,132.790000,132.820000,132.790000,132.810000,0
20020108 011900,132.810000,132.820000,132.810000,132.810000,0
20020108 012000,132.820000,132.820000,132.810000,132.810000,0
20020108 012100,132.820000,132.820000,132.780000,132.780000,0
20020108 012200,132.790000,132.790000,132.780000,132.780000,0
20020108 012300,132.790000,132.790000,132.780000,132.780000,0
20020108 012400,132.770000,132.790000,132.740000,132.740000,0
20020108 012500,132.780000,132.780000,132.720000,132.740000,0
20020108 012600,132.750000,132.750000,132.700000,132.710000,0
20020108 012700,132.700000,132.700000,132.650000,132.680000,0
20020108 012800,132.690000,132.690000,132.680000,132.690000,0
20020108 012900,132.700000,132.710000,132.690000,132.700000,0
20020108 013000,132.700000,132.700000,132.660000,132.660000,0
20020108 013200,132.670000,132.670000,132.620000,132.630000,0
20020108 013300,132.630000,132.660000,132.630000,132.650000,0
20020108 013400,132.660000,132.670000,132.650000,132.660000,0
20020108 013500,132.670000,132.670000,132.660000,132.670000,0
20020108 013600,132.670000,132.700000,132.670000,132.680000,0
20020108 013700,132.700000,132.710000,132.690000,132.700000,0
20020108 013800,132.700000,132.700000,132.690000,132.700000,0
20020108 014000,132.700000,132.700000,132.690000,132.690000,0
20020108 014100,132.690000,132.700000,132.680000,132.690000,0
20020108 014200,132.680000,132.690000,132.670000,132.680000,0
20020108 014300,132.680000,132.680000,132.670000,132.680000,0
20020108 014400,132.680000,132.710000,132.680000,132.710000,0
20020108 014500,132.700000,132.710000,132.680000,132.690000,0
20020108 014600,132.680000,132.680000,132.670000,132.670000,0
20020108 014700,132.660000,132.660000,132.630000,132.650000,0
20020108 014800,132.650000,132.660000,132.600000,132.630000,0
20020108 014900,132.620000,132.620000,132.600000,132.620000,0
20020108 015000,132.630000,132.630000,132.610000,132.620000,0
20020108 015100,132.620000,132.660000,132.620000,132.660000,0
20020108 015200,132.660000,132.670000,132.650000,132.650000,0
20020108 015300,132.650000,132.670000,132.650000,132.660000,0
20020108 015400,132.650000,132.660000,132.640000,132.640000,0
20020108 015500,132.640000,132.650000,132.620000,132.640000,0
20020108 015600,132.630000,132.630000,132.620000,132.630000,0
20020108 015700,132.630000,132.630000,132.590000,132.600000,0
20020108 015800,132.600000,132.620000,132.590000,132.620000,0
20020108 015900,132.620000,132.620000,132.590000,132.610000,0
20020108 020000,132.600000,132.610000,132.590000,132.590000,0
20020108 020100,132.590000,132.590000,132.560000,132.570000,0
20020108 020200,132.560000,132.580000,132.560000,132.580000,0
20020108 020300,132.580000,132.600000,132.580000,132.580000,0
20020108 020400,132.580000,132.580000,132.540000,132.540000,0
20020108 020500,132.540000,132.560000,132.530000,132.550000,0
20020108 020600,132.560000,132.560000,132.530000,132.530000,0
20020108 020700,132.540000,132.550000,132.510000,132.530000,0
20020108 020800,132.540000,132.540000,132.520000,132.530000,0
20020108 020900,132.530000,132.550000,132.500000,132.550000,0
20020108 021000,132.550000,132.560000,132.540000,132.540000,0
20020108 021100,132.550000,132.620000,132.540000,132.610000,0
20020108 021200,132.610000,132.620000,132.600000,132.600000,0
20020108 021300,132.600000,132.610000,132.580000,132.590000,0
20020108 021400,132.590000,132.600000,132.590000,132.600000,0
20020108 021500,132.590000,132.590000,132.580000,132.580000,0
20020108 021600,132.580000,132.580000,132.560000,132.570000,0
20020108 021700,132.580000,132.580000,132.570000,132.580000,0
20020108 021800,132.570000,132.580000,132.560000,132.580000,0
20020108 021900,132.580000,132.590000,132.570000,132.580000,0
20020108 022000,132.580000,132.580000,132.570000,132.580000,0
20020108 022100,132.570000,132.580000,132.560000,132.570000,0
20020108 022200,132.570000,132.570000,132.560000,132.570000,0
20020108 022300,132.560000,132.570000,132.550000,132.560000,0
20020108 022400,132.550000,132.560000,132.550000,132.550000,0
20020108 022500,132.550000,132.570000,132.550000,132.560000,0
20020108 022600,132.550000,132.560000,132.540000,132.540000,0
20020108 022700,132.550000,132.550000,132.520000,132.540000,0
20020108 022800,132.530000,132.540000,132.500000,132.520000,0
20020108 022900,132.520000,132.520000,132.500000,132.510000,0
20020108 023000,132.500000,132.510000,132.490000,132.500000,0
20020108 023100,132.490000,132.500000,132.480000,132.490000,0
20020108 023200,132.490000,132.520000,132.480000,132.510000,0
20020108 023300,132.520000,132.530000,132.510000,132.510000,0
20020108 023400,132.510000,132.510000,132.480000,132.480000,0
20020108 023500,132.490000,132.500000,132.480000,132.490000,0
20020108 023600,132.490000,132.500000,132.480000,132.490000,0
20020108 023700,132.500000,132.530000,132.490000,132.530000,0
20020108 023800,132.530000,132.560000,132.530000,132.560000,0
20020108 023900,132.560000,132.620000,132.550000,132.610000,0
20020108 024000,132.610000,132.700000,132.610000,132.690000,0
20020108 024100,132.700000,132.770000,132.690000,132.730000,0
20020108 024200,132.730000,132.730000,132.690000,132.720000,0
20020108 024300,132.700000,132.740000,132.690000,132.740000,0
20020108 024400,132.730000,132.730000,132.670000,132.670000,0
20020108 024500,132.660000,132.700000,132.660000,132.690000,0
20020108 024600,132.690000,132.700000,132.690000,132.690000,0
20020108 024700,132.690000,132.690000,132.660000,132.670000,0
20020108 024800,132.670000,132.680000,132.650000,132.660000,0
20020108 024900,132.660000,132.670000,132.650000,132.660000,0
20020108 025000,132.660000,132.690000,132.650000,132.690000,0
20020108 025100,132.680000,132.690000,132.670000,132.690000,0
20020108 025200,132.690000,132.690000,132.650000,132.670000,0
20020108 025300,132.670000,132.760000,132.670000,132.760000,0
20020108 025400,132.760000,132.760000,132.720000,132.720000,0
20020108 025500,132.720000,132.720000,132.700000,132.710000,0
20020108 025600,132.710000,132.710000,132.700000,132.700000,0
20020108 025700,132.700000,132.710000,132.670000,132.700000,0
20020108 025800,132.700000,132.700000,132.680000,132.700000,0
20020108 025900,132.690000,132.700000,132.660000,132.670000,0
20020108 030000,132.680000,132.690000,132.660000,132.680000,0
20020108 030100,132.680000,132.680000,132.630000,132.630000,0
20020108 030200,132.630000,132.670000,132.630000,132.670000,0
20020108 030300,132.670000,132.700000,132.670000,132.700000,0
20020108 030400,132.700000,132.710000,132.680000,132.700000,0
20020108 030500,132.700000,132.700000,132.650000,132.670000,0
20020108 030600,132.670000,132.680000,132.640000,132.660000,0
20020108 030700,132.660000,132.690000,132.650000,132.660000,0
20020108 030800,132.640000,132.650000,132.570000,132.600000,0
20020108 030900,132.590000,132.590000,132.590000,132.590000,0
20020108 031000,132.590000,132.590000,132.570000,132.580000,0
20020108 031100,132.580000,132.580000,132.540000,132.570000,0
20020108 031200,132.570000,132.580000,132.530000,132.530000,0
20020108 031300,132.520000,132.540000,132.500000,132.510000,0
20020108 031400,132.520000,132.520000,132.420000,132.460000,0
20020108 031500,132.460000,132.470000,132.460000,132.470000,0
20020108 031600,132.460000,132.520000,132.460000,132.520000,0
20020108 031700,132.520000,132.530000,132.500000,132.500000,0
20020108 031800,132.520000,132.520000,132.490000,132.490000,0
20020108 031900,132.500000,132.530000,132.490000,132.520000,0
20020108 032000,132.520000,132.520000,132.480000,132.490000,0
20020108 032100,132.490000,132.510000,132.480000,132.510000,0
20020108 032200,132.500000,132.520000,132.500000,132.500000,0
20020108 032300,132.500000,132.510000,132.460000,132.460000,0
20020108 032400,132.440000,132.500000,132.410000,132.450000,0
20020108 032500,132.460000,132.510000,132.460000,132.500000,0
20020108 032600,132.510000,132.510000,132.470000,132.500000,0
20020108 032700,132.500000,132.500000,132.480000,132.490000,0
20020108 032800,132.500000,132.520000,132.480000,132.520000,0
20020108 032900,132.520000,132.540000,132.510000,132.540000,0
20020108 033000,132.540000,132.550000,132.540000,132.550000,0
20020108 033100,132.550000,132.570000,132.550000,132.560000,0
20020108 033200,132.570000,132.570000,132.560000,132.570000,0
20020108 033300,132.570000,132.580000,132.560000,132.580000,0
20020108 033400,132.570000,132.590000,132.570000,132.580000,0
20020108 033500,132.570000,132.580000,132.560000,132.580000,0
20020108 033600,132.570000,132.580000,132.560000,132.570000,0
20020108 033700,132.580000,132.590000,132.570000,132.570000,0
20020108 033800,132.590000,132.630000,132.590000,132.610000,0
20020108 033900,132.620000,132.640000,132.610000,132.620000,0
20020108 034000,132.620000,132.640000,132.620000,132.620000,0
20020108 034100,132.620000,132.640000,132.620000,132.640000,0
20020108 034200,132.640000,132.650000,132.620000,132.630000,0
20020108 034300,132.630000,132.630000,132.600000,132.610000,0
20020108 034400,132.600000,132.610000,132.590000,132.610000,0
20020108 034500,132.600000,132.610000,132.590000,132.600000,0
20020108 034600,132.600000,132.610000,132.580000,132.600000,0
20020108 034700,132.600000,132.650000,132.590000,132.640000,0
20020108 034800,132.640000,132.650000,132.630000,132.650000,0
20020108 034900,132.650000,132.650000,132.630000,132.630000,0
20020108 035000,132.610000,132.630000,132.600000,132.610000,0
20020108 035100,132.610000,132.610000,132.590000,132.600000,0
20020108 035200,132.600000,132.620000,132.600000,132.620000,0
20020108 035300,132.620000,132.620000,132.600000,132.610000,0
20020108 035400,132.610000,132.610000,132.600000,132.610000,0
20020108 035500,132.620000,132.620000,132.610000,132.610000,0
20020108 035600,132.600000,132.610000,132.590000,132.610000,0
20020108 035700,132.600000,132.640000,132.600000,132.640000,0
20020108 035800,132.640000,132.670000,132.630000,132.660000,0
20020108 035900,132.660000,132.700000,132.640000,132.640000,0
20020108 040000,132.640000,132.640000,132.600000,132.610000,0
20020108 040100,132.620000,132.620000,132.600000,132.600000,0
20020108 040200,132.600000,132.650000,132.590000,132.610000,0
20020108 040300,132.620000,132.660000,132.610000,132.660000,0
20020108 040400,132.660000,132.670000,132.650000,132.650000,0
20020108 040500,132.650000,132.660000,132.640000,132.650000,0
20020108 040600,132.650000,132.650000,132.640000,132.640000,0
20020108 040700,132.640000,132.650000,132.600000,132.600000,0
20020108 040800,132.610000,132.620000,132.560000,132.560000,0
20020108 040900,132.570000,132.580000,132.560000,132.580000,0
20020108 041000,132.570000,132.580000,132.550000,132.550000,0
20020108 041100,132.540000,132.570000,132.530000,132.560000,0
20020108 041200,132.570000,132.640000,132.550000,132.640000,0
20020108 041300,132.640000,132.640000,132.600000,132.600000,0
20020108 041400,132.600000,132.630000,132.590000,132.600000,0
20020108 041500,132.590000,132.600000,132.570000,132.580000,0
20020108 041600,132.580000,132.620000,132.560000,132.600000,0
20020108 041700,132.580000,132.610000,132.580000,132.610000,0
20020108 041800,132.610000,132.610000,132.600000,132.600000,0
20020108 041900,132.600000,132.600000,132.600000,132.600000,0
20020108 042000,132.600000,132.620000,132.600000,132.620000,0
20020108 042100,132.610000,132.640000,132.590000,132.640000,0
20020108 042200,132.630000,132.650000,132.600000,132.610000,0
20020108 042300,132.610000,132.630000,132.610000,132.620000,0
20020108 042400,132.610000,132.620000,132.580000,132.600000,0
20020108 042500,132.600000,132.600000,132.560000,132.580000,0
20020108 042600,132.580000,132.580000,132.520000,132.540000,0
20020108 042700,132.540000,132.600000,132.540000,132.590000,0
20020108 042800,132.590000,132.630000,132.570000,132.600000,0
20020108 042900,132.600000,132.610000,132.580000,132.580000,0
20020108 043000,132.580000,132.580000,132.570000,132.580000,0
20020108 043100,132.580000,132.580000,132.570000,132.580000,0
20020108 043200,132.580000,132.580000,132.580000,132.580000,0
20020108 043300,132.580000,132.580000,132.570000,132.580000,0
20020108 043400,132.580000,132.590000,132.570000,132.580000,0
20020108 043500,132.580000,132.590000,132.570000,132.580000,0
20020108 043600,132.580000,132.580000,132.530000,132.530000,0
20020108 043700,132.530000,132.560000,132.520000,132.550000,0
20020108 043800,132.540000,132.580000,132.520000,132.530000,0
20020108 043900,132.540000,132.550000,132.530000,132.550000,0
20020108 044000,132.540000,132.560000,132.540000,132.560000,0
20020108 044100,132.550000,132.550000,132.540000,132.540000,0
20020108 044200,132.540000,132.550000,132.530000,132.540000,0
20020108 044400,132.550000,132.580000,132.540000,132.570000,0
20020108 044500,132.570000,132.580000,132.570000,132.580000,0
20020108 044600,132.590000,132.590000,132.580000,132.590000,0
20020108 044700,132.580000,132.590000,132.580000,132.580000,0
20020108 044800,132.570000,132.580000,132.560000,132.570000,0
20020108 044900,132.570000,132.570000,132.560000,132.570000,0
20020108 045000,132.570000,132.580000,132.560000,132.570000,0
20020108 045100,132.560000,132.570000,132.560000,132.570000,0
20020108 045200,132.570000,132.570000,132.560000,132.560000,0
20020108 045300,132.560000,132.570000,132.550000,132.560000,0
20020108 045400,132.550000,132.560000,132.540000,132.550000,0
20020108 045500,132.550000,132.550000,132.540000,132.540000,0
20020108 045600,132.540000,132.560000,132.540000,132.550000,0
20020108 045700,132.560000,132.570000,132.550000,132.570000,0
20020108 045800,132.570000,132.570000,132.550000,132.550000,0
20020108 045900,132.560000,132.570000,132.550000,132.570000,0
20020108 050000,132.570000,132.570000,132.550000,132.560000,0
20020108 050100,132.560000,132.570000,132.550000,132.550000,0
20020108 050200,132.550000,132.550000,132.510000,132.520000,0
20020108 050300,132.510000,132.540000,132.510000,132.530000,0
20020108 050400,132.530000,132.540000,132.520000,132.520000,0
20020108 050500,132.530000,132.530000,132.520000,132.530000,0
20020108 050600,132.520000,132.540000,132.520000,132.520000,0
20020108 050700,132.520000,132.550000,132.520000,132.550000,0
20020108 050800,132.540000,132.550000,132.530000,132.530000,0
20020108 050900,132.520000,132.530000,132.510000,132.520000,0
20020108 051000,132.520000,132.550000,132.520000,132.540000,0
20020108 051100,132.550000,132.550000,132.540000,132.550000,0
20020108 051200,132.550000,132.570000,132.550000,132.570000,0
20020108 051300,132.560000,132.570000,132.550000,132.560000,0
20020108 051400,132.560000,132.560000,132.560000,132.560000,0
20020108 051500,132.560000,132.590000,132.560000,132.580000,0
20020108 051600,132.560000,132.580000,132.560000,132.580000,0
20020108 051700,132.570000,132.630000,132.570000,132.580000,0
20020108 051800,132.570000,132.580000,132.560000,132.580000,0
20020108 051900,132.580000,132.580000,132.560000,132.570000,0
20020108 052000,132.570000,132.600000,132.570000,132.590000,0
20020108 052100,132.590000,132.600000,132.580000,132.580000,0
20020108 052200,132.580000,132.580000,132.570000,132.580000,0
20020108 052300,132.570000,132.590000,132.560000,132.590000,0
20020108 052400,132.590000,132.620000,132.590000,132.610000,0
20020108 052500,132.610000,132.680000,132.600000,132.680000,0
20020108 052600,132.680000,132.700000,132.660000,132.660000,0
20020108 052700,132.660000,132.700000,132.660000,132.700000,0
20020108 052800,132.710000,132.730000,132.700000,132.730000,0
20020108 052900,132.740000,132.760000,132.720000,132.740000,0
20020108 053000,132.730000,132.740000,132.690000,132.700000,0
20020108 053100,132.700000,132.730000,132.700000,132.720000,0
20020108 053200,132.720000,132.720000,132.700000,132.710000,0
20020108 053300,132.710000,132.720000,132.710000,132.710000,0
20020108 053400,132.710000,132.720000,132.700000,132.720000,0
20020108 053500,132.720000,132.740000,132.720000,132.730000,0
20020108 053600,132.720000,132.720000,132.670000,132.710000,0
20020108 053700,132.710000,132.750000,132.710000,132.720000,0
20020108 053800,132.720000,132.730000,132.700000,132.700000,0
20020108 053900,132.700000,132.770000,132.700000,132.740000,0
20020108 054000,132.750000,132.760000,132.740000,132.760000,0
20020108 054100,132.760000,132.760000,132.730000,132.730000,0
20020108 054200,132.730000,132.760000,132.720000,132.760000,0
20020108 054300,132.760000,132.770000,132.750000,132.770000,0
20020108 054400,132.770000,132.770000,132.730000,132.750000,0
20020108 054500,132.740000,132.750000,132.730000,132.750000,0
20020108 054600,132.750000,132.770000,132.750000,132.770000,0
20020108 054700,132.760000,132.810000,132.720000,132.720000,0
20020108 054800,132.720000,132.780000,132.720000,132.760000,0
20020108 054900,132.750000,132.760000,132.710000,132.720000,0
20020108 055000,132.710000,132.760000,132.700000,132.700000,0
20020108 055100,132.700000,132.770000,132.700000,132.750000,0
20020108 055200,132.750000,132.750000,132.700000,132.730000,0
20020108 055300,132.740000,132.750000,132.730000,132.750000,0
20020108 055400,132.750000,132.750000,132.720000,132.720000,0
20020108 055500,132.720000,132.720000,132.690000,132.690000,0
20020108 055600,132.700000,132.750000,132.690000,132.720000,0
20020108 055700,132.720000,132.720000,132.710000,132.710000,0
20020108 055800,132.710000,132.710000,132.670000,132.670000,0
20020108 055900,132.680000,132.700000,132.670000,132.680000,0
20020108 060000,132.670000,132.690000,132.660000,132.690000,0
20020108 060100,132.690000,132.710000,132.690000,132.700000,0
20020108 060200,132.690000,132.760000,132.690000,132.720000,0
20020108 060300,132.740000,132.740000,132.690000,132.690000,0
20020108 060400,132.690000,132.690000,132.680000,132.680000,0
20020108 060500,132.690000,132.690000,132.660000,132.670000,0
20020108 060600,132.670000,132.690000,132.660000,132.670000,0
20020108 060700,132.680000,132.720000,132.670000,132.700000,0
20020108 060800,132.680000,132.700000,132.670000,132.670000,0
20020108 060900,132.690000,132.690000,132.680000,132.690000,0
20020108 061000,132.690000,132.700000,132.660000,132.670000,0
20020108 061100,132.660000,132.680000,132.600000,132.680000,0
20020108 061200,132.650000,132.650000,132.620000,132.630000,0
20020108 061300,132.640000,132.640000,132.580000,132.590000,0
20020108 061400,132.580000,132.620000,132.580000,132.620000,0
20020108 061500,132.620000,132.630000,132.620000,132.620000,0
20020108 061600,132.620000,132.620000,132.590000,132.620000,0
20020108 061700,132.610000,132.680000,132.610000,132.680000,0
20020108 061800,132.680000,132.680000,132.620000,132.630000,0
20020108 061900,132.630000,132.640000,132.620000,132.630000,0
20020108 062000,132.630000,132.640000,132.630000,132.640000,0
20020108 062100,132.640000,132.680000,132.640000,132.670000,0
20020108 062200,132.660000,132.700000,132.660000,132.700000,0
20020108 062300,132.690000,132.690000,132.680000,132.680000,0
20020108 062400,132.670000,132.680000,132.640000,132.660000,0
20020108 062500,132.670000,132.680000,132.660000,132.670000,0
20020108 062600,132.690000,132.700000,132.680000,132.700000,0
20020108 062700,132.690000,132.700000,132.680000,132.700000,0
20020108 062800,132.700000,132.730000,132.700000,132.700000,0
20020108 062900,132.710000,132.710000,132.700000,132.710000,0
20020108 063000,132.710000,132.710000,132.700000,132.710000,0
20020108 063100,132.710000,132.720000,132.710000,132.720000,0
20020108 063200,132.710000,132.720000,132.710000,132.710000,0
20020108 063300,132.710000,132.710000,132.680000,132.680000,0
20020108 063400,132.680000,132.690000,132.670000,132.680000,0
20020108 063500,132.660000,132.680000,132.650000,132.650000,0
20020108 063600,132.650000,132.650000,132.640000,132.640000,0
20020108 063700,132.640000,132.640000,132.630000,132.640000,0
20020108 063800,132.650000,132.650000,132.640000,132.640000,0
20020108 063900,132.640000,132.680000,132.630000,132.640000,0
20020108 064000,132.640000,132.670000,132.590000,132.640000,0
20020108 064100,132.640000,132.690000,132.640000,132.660000,0
20020108 064200,132.660000,132.670000,132.650000,132.670000,0
20020108 064300,132.660000,132.660000,132.650000,132.650000,0
20020108 064400,132.660000,132.660000,132.650000,132.660000,0
20020108 064500,132.660000,132.660000,132.640000,132.660000,0
20020108 064600,132.660000,132.690000,132.650000,132.670000,0
20020108 064700,132.670000,132.680000,132.670000,132.670000,0
20020108 064800,132.670000,132.680000,132.660000,132.670000,0
20020108 064900,132.670000,132.720000,132.670000,132.700000,0
20020108 065000,132.700000,132.720000,132.670000,132.670000,0
20020108 065100,132.670000,132.670000,132.660000,132.660000,0
20020108 065200,132.660000,132.670000,132.660000,132.670000,0
20020108 065300,132.670000,132.690000,132.660000,132.670000,0
20020108 065400,132.670000,132.680000,132.660000,132.670000,0
20020108 065500,132.670000,132.700000,132.670000,132.680000,0
20020108 065600,132.680000,132.690000,132.670000,132.680000,0
20020108 065700,132.680000,132.690000,132.680000,132.690000,0
20020108 065800,132.690000,132.690000,132.670000,132.670000,0
20020108 065900,132.670000,132.670000,132.650000,132.660000,0
20020108 070000,132.660000,132.670000,132.650000,132.660000,0
20020108 070100,132.670000,132.680000,132.660000,132.680000,0
20020108 070200,132.680000,132.710000,132.680000,132.710000,0
20020108 070300,132.700000,132.720000,132.700000,132.700000,0
20020108 070400,132.700000,132.730000,132.700000,132.720000,0
20020108 070500,132.730000,132.760000,132.730000,132.750000,0
20020108 070600,132.760000,132.760000,132.730000,132.730000,0
20020108 070700,132.730000,132.740000,132.710000,132.710000,0
20020108 070800,132.710000,132.740000,132.710000,132.730000,0
20020108 070900,132.720000,132.730000,132.720000,132.720000,0
20020108 071000,132.720000,132.730000,132.700000,132.700000,0
20020108 071100,132.710000,132.710000,132.700000,132.710000,0
20020108 071200,132.710000,132.710000,132.700000,132.700000,0
20020108 071300,132.700000,132.700000,132.690000,132.690000,0
20020108 071400,132.680000,132.690000,132.660000,132.670000,0
20020108 071500,132.670000,132.680000,132.670000,132.680000,0
20020108 071600,132.690000,132.690000,132.680000,132.680000,0
20020108 071700,132.680000,132.690000,132.680000,132.690000,0
20020108 071800,132.690000,132.690000,132.680000,132.680000,0
20020108 071900,132.680000,132.690000,132.650000,132.650000,0
20020108 072000,132.650000,132.660000,132.650000,132.650000,0
20020108 072100,132.660000,132.660000,132.650000,132.650000,0
20020108 072200,132.650000,132.660000,132.630000,132.640000,0
20020108 072300,132.640000,132.690000,132.630000,132.660000,0
20020108 072400,132.670000,132.700000,132.670000,132.690000,0
20020108 072500,132.700000,132.700000,132.680000,132.680000,0
20020108 072600,132.690000,132.690000,132.670000,132.670000,0
20020108 072700,132.670000,132.700000,132.670000,132.690000,0
20020108 072800,132.700000,132.700000,132.680000,132.690000,0
20020108 073000,132.690000,132.700000,132.690000,132.700000,0
20020108 073100,132.700000,132.720000,132.690000,132.710000,0
20020108 073200,132.710000,132.710000,132.700000,132.700000,0
20020108 073300,132.710000,132.710000,132.690000,132.700000,0
20020108 073400,132.700000,132.710000,132.700000,132.710000,0
20020108 073500,132.700000,132.710000,132.700000,132.710000,0
20020108 073600,132.710000,132.710000,132.700000,132.700000,0
20020108 073700,132.710000,132.720000,132.700000,132.720000,0
20020108 073800,132.710000,132.710000,132.690000,132.690000,0
20020108 073900,132.690000,132.700000,132.680000,132.680000,0
20020108 074000,132.680000,132.700000,132.680000,132.680000,0
20020108 074100,132.660000,132.680000,132.650000,132.660000,0
20020108 074200,132.650000,132.660000,132.650000,132.650000,0
20020108 074300,132.660000,132.660000,132.650000,132.660000,0
20020108 074400,132.660000,132.660000,132.640000,132.650000,0
20020108 074500,132.650000,132.650000,132.620000,132.640000,0
20020108 074600,132.680000,132.680000,132.570000,132.570000,0
20020108 074700,132.570000,132.590000,132.560000,132.580000,0
20020108 074800,132.590000,132.650000,132.580000,132.590000,0
20020108 074900,132.590000,132.600000,132.570000,132.580000,0
20020108 075000,132.590000,132.640000,132.590000,132.630000,0
20020108 075100,132.630000,132.660000,132.630000,132.640000,0
20020108 075200,132.650000,132.650000,132.600000,132.600000,0
20020108 075300,132.600000,132.640000,132.600000,132.620000,0
20020108 075400,132.610000,132.640000,132.610000,132.640000,0
20020108 075500,132.640000,132.650000,132.630000,132.640000,0
20020108 075600,132.650000,132.650000,132.640000,132.650000,0
20020108 075700,132.660000,132.660000,132.650000,132.650000,0
20020108 075800,132.650000,132.650000,132.650000,132.650000,0
20020108 075900,132.650000,132.660000,132.650000,132.650000,0
20020108 080000,132.650000,132.660000,132.650000,132.660000,0
20020108 080100,132.650000,132.670000,132.650000,132.660000,0
20020108 080200,132.670000,132.680000,132.640000,132.640000,0
20020108 080300,132.660000,132.660000,132.580000,132.590000,0
20020108 080400,132.570000,132.600000,132.560000,132.590000,0
20020108 080500,132.580000,132.640000,132.560000,132.640000,0
20020108 080600,132.650000,132.760000,132.640000,132.750000,0
20020108 080700,132.750000,132.760000,132.720000,132.720000,0
20020108 080800,132.720000,132.720000,132.690000,132.710000,0
20020108 080900,132.710000,132.720000,132.710000,132.720000,0
20020108 081000,132.720000,132.720000,132.690000,132.700000,0
20020108 081100,132.690000,132.710000,132.690000,132.700000,0
20020108 081200,132.700000,132.740000,132.700000,132.740000,0
20020108 081300,132.750000,132.760000,132.730000,132.730000,0
20020108 081400,132.730000,132.730000,132.710000,132.720000,0
20020108 081500,132.700000,132.710000,132.660000,132.680000,0
20020108 081600,132.680000,132.700000,132.680000,132.690000,0
20020108 081700,132.680000,132.690000,132.660000,132.680000,0
20020108 081800,132.680000,132.680000,132.660000,132.670000,0
20020108 081900,132.660000,132.690000,132.660000,132.690000,0
20020108 082000,132.690000,132.690000,132.670000,132.680000,0
20020108 082100,132.690000,132.690000,132.640000,132.650000,0
20020108 082200,132.640000,132.650000,132.640000,132.650000,0
20020108 082300,132.640000,132.660000,132.640000,132.660000,0
20020108 082400,132.660000,132.660000,132.640000,132.660000,0
20020108 082500,132.660000,132.700000,132.660000,132.690000,0
20020108 082600,132.700000,132.710000,132.660000,132.680000,0
20020108 082700,132.680000,132.680000,132.670000,132.670000,0
20020108 082800,132.670000,132.700000,132.660000,132.700000,0
20020108 082900,132.690000,132.700000,132.680000,132.690000,0
20020108 083000,132.680000,132.700000,132.660000,132.690000,0
20020108 083100,132.680000,132.690000,132.660000,132.670000,0
20020108 083200,132.670000,132.690000,132.660000,132.690000,0
20020108 083300,132.690000,132.690000,132.660000,132.660000,0
20020108 083400,132.660000,132.670000,132.640000,132.660000,0
20020108 083500,132.670000,132.670000,132.630000,132.650000,0
20020108 083600,132.660000,132.660000,132.640000,132.640000,0
20020108 083700,132.640000,132.670000,132.630000,132.650000,0
20020108 083800,132.650000,132.660000,132.630000,132.640000,0
20020108 083900,132.630000,132.630000,132.590000,132.610000,0
20020108 084000,132.610000,132.670000,132.610000,132.660000,0
20020108 084100,132.670000,132.680000,132.650000,132.670000,0
20020108 084200,132.670000,132.680000,132.660000,132.670000,0
20020108 084300,132.670000,132.690000,132.670000,132.680000,0
20020108 084400,132.690000,132.710000,132.690000,132.710000,0
20020108 084500,132.700000,132.710000,132.680000,132.680000,0
20020108 084600,132.680000,132.690000,132.670000,132.680000,0
20020108 084700,132.680000,132.680000,132.650000,132.650000,0
20020108 084800,132.650000,132.670000,132.620000,132.640000,0
20020108 084900,132.640000,132.650000,132.620000,132.620000,0
20020108 085000,132.620000,132.680000,132.610000,132.650000,0
20020108 085100,132.650000,132.690000,132.650000,132.680000,0
20020108 085200,132.670000,132.680000,132.660000,132.670000,0
20020108 085300,132.680000,132.680000,132.650000,132.650000,0
20020108 085400,132.660000,132.670000,132.620000,132.640000,0
20020108 085500,132.630000,132.650000,132.630000,132.640000,0
20020108 085600,132.650000,132.700000,132.610000,132.620000,0
20020108 085700,132.610000,132.640000,132.610000,132.640000,0
20020108 085800,132.630000,132.650000,132.630000,132.640000,0
20020108 085900,132.630000,132.670000,132.630000,132.670000,0
20020108 090000,132.670000,132.670000,132.650000,132.660000,0
20020108 090100,132.640000,132.690000,132.640000,132.670000,0
20020108 090200,132.680000,132.680000,132.640000,132.650000,0
20020108 090300,132.650000,132.660000,132.650000,132.650000,0
20020108 090400,132.650000,132.660000,132.650000,132.650000,0
20020108 090500,132.650000,132.670000,132.650000,132.670000,0
20020108 090600,132.660000,132.690000,132.650000,132.680000,0
20020108 090700,132.690000,132.710000,132.670000,132.700000,0
20020108 090800,132.690000,132.700000,132.660000,132.670000,0
20020108 090900,132.660000,132.670000,132.660000,132.660000,0
20020108 091000,132.670000,132.690000,132.660000,132.690000,0
20020108 091100,132.690000,132.690000,132.680000,132.690000,0
20020108 091200,132.690000,132.690000,132.670000,132.680000,0
20020108 091300,132.690000,132.700000,132.680000,132.700000,0
20020108 091400,132.700000,132.700000,132.690000,132.690000,0
20020108 091500,132.700000,132.700000,132.690000,132.690000,0
20020108 091600,132.680000,132.700000,132.680000,132.690000,0
20020108 091700,132.680000,132.690000,132.660000,132.670000,0
20020108 091800,132.670000,132.690000,132.660000,132.690000,0
20020108 091900,132.680000,132.690000,132.680000,132.690000,0
20020108 092000,132.690000,132.690000,132.630000,132.640000,0
20020108 092100,132.640000,132.640000,132.620000,132.640000,0
20020108 092200,132.650000,132.660000,132.630000,132.630000,0
20020108 092300,132.650000,132.670000,132.650000,132.670000,0
20020108 092400,132.660000,132.670000,132.620000,132.630000,0
20020108 092500,132.630000,132.650000,132.630000,132.650000,0
20020108 092600,132.640000,132.640000,132.590000,132.600000,0
20020108 092700,132.610000,132.640000,132.600000,132.630000,0
20020108 092800,132.640000,132.640000,132.580000,132.590000,0
20020108 092900,132.590000,132.620000,132.510000,132.550000,0
20020108 093000,132.550000,132.550000,132.520000,132.530000,0
20020108 093100,132.530000,132.580000,132.530000,132.560000,0
20020108 093200,132.570000,132.590000,132.560000,132.590000,0
20020108 093300,132.590000,132.590000,132.550000,132.550000,0
20020108 093400,132.550000,132.560000,132.480000,132.480000,0
20020108 093500,132.480000,132.490000,132.450000,132.480000,0
20020108 093600,132.480000,132.490000,132.460000,132.470000,0
20020108 093700,132.460000,132.480000,132.460000,132.470000,0
20020108 093800,132.470000,132.490000,132.470000,132.470000,0
20020108 093900,132.470000,132.480000,132.440000,132.450000,0
20020108 094000,132.460000,133.460000,132.420000,132.470000,0
20020108 094100,132.460000,132.490000,132.450000,132.470000,0
20020108 094200,132.470000,132.480000,132.450000,132.480000,0
20020108 094300,132.470000,132.510000,132.470000,132.510000,0
20020108 094400,132.510000,132.510000,132.480000,132.490000,0
20020108 094500,132.490000,132.490000,132.480000,132.490000,0
20020108 094600,132.490000,132.500000,132.460000,132.460000,0
20020108 094700,132.470000,132.470000,132.440000,132.450000,0
20020108 094800,132.450000,132.490000,132.450000,132.480000,0
20020108 094900,132.480000,132.520000,132.470000,132.510000,0
20020108 095000,132.510000,132.520000,132.490000,132.500000,0
20020108 095100,132.500000,132.500000,132.480000,132.490000,0
20020108 095200,132.490000,132.490000,132.440000,132.480000,0
20020108 095300,132.470000,132.480000,132.440000,132.470000,0
20020108 095400,132.470000,132.470000,132.460000,132.460000,0
20020108 095500,132.460000,132.470000,132.430000,132.430000,0
20020108 095600,132.430000,132.470000,132.430000,132.450000,0
20020108 095700,132.450000,132.470000,132.450000,132.460000,0
20020108 095800,132.460000,132.470000,132.420000,132.430000,0
20020108 095900,132.430000,132.490000,132.430000,132.470000,0
20020108 100000,132.480000,132.500000,132.480000,132.500000,0
20020108 100100,132.500000,132.510000,132.490000,132.510000,0
20020108 100200,132.500000,132.510000,132.480000,132.500000,0
20020108 100300,132.490000,132.500000,132.490000,132.500000,0
20020108 100400,132.510000,132.510000,132.490000,132.500000,0
20020108 100500,132.490000,132.500000,132.470000,132.490000,0
20020108 100600,132.490000,132.510000,132.480000,132.500000,0
20020108 100700,132.500000,132.510000,132.490000,132.510000,0
20020108 100800,132.500000,132.510000,132.490000,132.490000,0
20020108 100900,132.500000,132.500000,132.490000,132.490000,0
20020108 101000,132.490000,132.500000,132.490000,132.500000,0
20020108 101100,132.490000,132.500000,132.480000,132.490000,0
20020108 101200,132.480000,132.490000,132.460000,132.470000,0
20020108 101300,132.470000,132.490000,132.470000,132.490000,0
20020108 101400,132.490000,132.490000,132.490000,132.490000,0
20020108 101500,132.490000,132.510000,132.490000,132.500000,0
20020108 101600,132.490000,132.500000,132.480000,132.500000,0
20020108 101700,132.500000,132.510000,132.490000,132.510000,0
20020108 101800,132.510000,132.520000,132.500000,132.510000,0
20020108 101900,132.520000,132.520000,132.510000,132.510000,0
20020108 102000,132.510000,132.510000,132.500000,132.510000,0
20020108 102100,132.510000,132.510000,132.500000,132.500000,0
20020108 102200,132.500000,132.520000,132.500000,132.510000,0
20020108 102300,132.520000,132.520000,132.500000,132.500000,0
20020108 102400,132.510000,132.510000,132.500000,132.510000,0
20020108 102500,132.520000,132.530000,132.510000,132.520000,0
20020108 102600,132.520000,132.540000,132.510000,132.520000,0
20020108 102700,132.520000,132.560000,132.520000,132.560000,0
20020108 102800,132.550000,132.560000,132.540000,132.550000,0
20020108 102900,132.550000,132.590000,132.550000,132.590000,0
20020108 103000,132.590000,132.590000,132.570000,132.570000,0
20020108 103100,132.570000,132.570000,132.560000,132.570000,0
20020108 103200,132.570000,132.580000,132.570000,132.580000,0
20020108 103300,132.570000,132.580000,132.570000,132.580000,0
20020108 103400,132.580000,132.600000,132.580000,132.600000,0
20020108 103500,132.600000,132.610000,132.580000,132.580000,0
20020108 103600,132.580000,132.600000,132.570000,132.590000,0
20020108 103700,132.600000,132.600000,132.590000,132.600000,0
20020108 103800,132.590000,132.590000,132.550000,132.560000,0
20020108 103900,132.550000,132.580000,132.550000,132.560000,0
20020108 104000,132.550000,132.560000,132.540000,132.550000,0
20020108 104100,132.550000,132.560000,132.540000,132.550000,0
20020108 104200,132.560000,132.560000,132.560000,132.560000,0
20020108 104300,132.560000,132.590000,132.560000,132.590000,0
20020108 104400,132.580000,132.590000,132.560000,132.580000,0
20020108 104500,132.580000,132.600000,132.580000,132.590000,0
20020108 104600,132.580000,132.590000,132.560000,132.590000,0
20020108 104700,132.590000,132.600000,132.580000,132.590000,0
20020108 104800,132.590000,132.600000,132.590000,132.600000,0
20020108 104900,132.600000,132.610000,132.590000,132.600000,0
20020108 105000,132.610000,132.610000,132.600000,132.610000,0
20020108 105100,132.600000,132.610000,132.590000,132.600000,0
20020108 105200,132.600000,132.610000,132.600000,132.600000,0
20020108 105300,132.600000,132.610000,132.580000,132.590000,0
20020108 105400,132.590000,132.590000,132.570000,132.570000,0
20020108 105500,132.570000,132.570000,132.560000,132.570000,0
20020108 105600,132.550000,132.560000,132.530000,132.560000,0
20020108 105700,132.560000,132.570000,132.560000,132.560000,0
20020108 105800,132.570000,132.590000,132.550000,132.560000,0
20020108 105900,132.550000,132.560000,132.550000,132.560000,0
20020108 110000,132.550000,132.590000,132.550000,132.580000,0
20020108 110100,132.580000,132.590000,132.560000,132.560000,0
20020108 110200,132.560000,132.560000,132.550000,132.560000,0
20020108 110300,132.560000,132.560000,132.550000,132.560000,0
20020108 110400,132.550000,132.560000,132.530000,132.540000,0
20020108 110500,132.550000,132.590000,132.540000,132.590000,0
20020108 110600,132.590000,132.590000,132.560000,132.590000,0
20020108 110700,132.590000,132.640000,132.590000,132.640000,0
20020108 110800,132.630000,132.680000,132.600000,132.660000,0
20020108 110900,132.650000,132.680000,132.650000,132.660000,0
20020108 111000,132.660000,132.660000,132.650000,132.650000,0
20020108 111100,132.650000,132.660000,132.630000,132.660000,0
20020108 111200,132.660000,132.660000,132.600000,132.600000,0
20020108 111300,132.590000,132.610000,132.590000,132.590000,0
20020108 111400,132.590000,132.590000,132.570000,132.570000,0
20020108 111500,132.570000,132.570000,132.530000,132.530000,0
20020108 111600,132.560000,132.560000,132.520000,132.520000,0
20020108 111700,132.520000,132.520000,132.460000,132.480000,0
20020108 111800,132.490000,132.490000,132.480000,132.490000,0
20020108 111900,132.490000,132.490000,132.470000,132.470000,0
20020108 112000,132.470000,132.500000,132.470000,132.500000,0
20020108 112100,132.500000,132.550000,132.500000,132.520000,0
20020108 112200,132.520000,132.520000,132.500000,132.510000,0
20020108 112300,132.510000,132.510000,132.500000,132.500000,0
20020108 112400,132.500000,132.540000,132.490000,132.540000,0
20020108 112500,132.540000,132.560000,132.530000,132.560000,0
20020108 112600,132.570000,132.570000,132.560000,132.570000,0
20020108 112700,132.570000,132.580000,132.560000,132.580000,0
20020108 112800,132.570000,132.580000,132.550000,132.560000,0
20020108 112900,132.560000,132.570000,132.560000,132.560000,0
20020108 113000,132.560000,132.570000,132.560000,132.560000,0
20020108 113100,132.560000,132.570000,132.560000,132.570000,0
20020108 113300,132.570000,132.570000,132.560000,132.570000,0
20020108 113400,132.570000,132.580000,132.560000,132.580000,0
20020108 113500,132.580000,132.580000,132.570000,132.570000,0
20020108 113600,132.570000,132.570000,132.560000,132.560000,0
20020108 113700,132.560000,132.570000,132.560000,132.560000,0
20020108 113800,132.560000,132.560000,132.510000,132.510000,0
20020108 113900,132.520000,132.520000,132.500000,132.500000,0
20020108 114000,132.490000,132.510000,132.490000,132.510000,0
20020108 114100,132.510000,132.550000,132.510000,132.520000,0
20020108 114200,132.520000,132.530000,132.520000,132.520000,0
20020108 114300,132.530000,132.550000,132.520000,132.540000,0
20020108 114400,132.550000,132.570000,132.540000,132.560000,0
20020108 114500,132.550000,132.560000,132.550000,132.550000,0
20020108 114600,132.560000,132.560000,132.530000,132.530000,0
20020108 114700,132.540000,132.540000,132.520000,132.520000,0
20020108 114800,132.520000,132.520000,132.490000,132.490000,0
20020108 114900,132.500000,132.500000,132.490000,132.500000,0
20020108 115000,132.500000,132.510000,132.500000,132.500000,0
20020108 115100,132.500000,132.510000,132.490000,132.500000,0
20020108 115200,132.490000,132.510000,132.490000,132.500000,0
20020108 115300,132.490000,132.500000,132.490000,132.500000,0
20020108 115400,132.500000,132.520000,132.490000,132.520000,0
20020108 115500,132.520000,132.520000,132.510000,132.510000,0
20020108 115600,132.520000,132.550000,132.510000,132.530000,0
20020108 115700,132.520000,132.540000,132.510000,132.530000,0
20020108 115800,132.520000,132.550000,132.510000,132.540000,0
20020108 115900,132.550000,132.560000,132.530000,132.540000,0
20020108 120000,132.540000,132.540000,132.520000,132.540000,0
20020108 120100,132.540000,132.560000,132.530000,132.530000,0
20020108 120200,132.550000,132.560000,132.520000,132.560000,0
20020108 120300,132.560000,132.570000,132.560000,132.570000,0
20020108 120400,132.580000,132.600000,132.570000,132.570000,0
20020108 120500,132.590000,132.590000,132.570000,132.580000,0
20020108 120600,132.580000,132.600000,132.570000,132.580000,0
20020108 120700,132.580000,132.590000,132.560000,132.580000,0
20020108 120800,132.560000,132.580000,132.550000,132.560000,0
20020108 120900,132.540000,132.550000,132.540000,132.550000,0
20020108 121000,132.550000,132.570000,132.540000,132.550000,0
20020108 121100,132.560000,132.560000,132.510000,132.510000,0
20020108 121200,132.510000,132.510000,132.510000,132.510000,0
20020108 121300,132.500000,132.510000,132.480000,132.480000,0
20020108 121400,132.490000,132.490000,132.480000,132.480000,0
20020108 121500,132.490000,132.500000,132.480000,132.500000,0
20020108 121600,132.500000,132.570000,132.500000,132.500000,0
20020108 121700,132.500000,132.530000,132.490000,132.500000,0
20020108 121800,132.490000,132.500000,132.490000,132.500000,0
20020108 121900,132.500000,132.520000,132.480000,132.490000,0
20020108 122000,132.480000,132.510000,132.460000,132.510000,0
20020108 122100,132.510000,132.510000,132.430000,132.460000,0
20020108 122200,132.470000,132.480000,132.460000,132.470000,0
20020108 122300,132.470000,132.500000,132.460000,132.480000,0
20020108 122400,132.480000,132.480000,132.470000,132.480000,0
20020108 122500,132.480000,132.490000,132.470000,132.490000,0
20020108 122600,132.490000,132.530000,132.490000,132.490000,0
20020108 122700,132.490000,132.490000,132.460000,132.470000,0
20020108 122800,132.480000,132.480000,132.460000,132.470000,0
20020108 122900,132.470000,132.490000,132.470000,132.480000,0
20020108 123000,132.490000,132.510000,132.490000,132.510000,0
20020108 123100,132.500000,132.510000,132.480000,132.490000,0
20020108 123200,132.500000,132.510000,132.480000,132.500000,0
20020108 123300,132.500000,132.550000,132.490000,132.540000,0
20020108 123400,132.530000,132.550000,132.530000,132.540000,0
20020108 123500,132.550000,132.570000,132.550000,132.560000,0
20020108 123600,132.560000,132.590000,132.560000,132.580000,0
20020108 123700,132.580000,132.590000,132.570000,132.570000,0
20020108 123900,132.570000,132.580000,132.570000,132.580000,0
20020108 124000,132.580000,132.600000,132.580000,132.590000,0
20020108 124100,132.580000,132.590000,132.580000,132.590000,0
20020108 124200,132.590000,132.590000,132.580000,132.590000,0
20020108 124300,132.580000,132.590000,132.550000,132.560000,0
20020108 124400,132.560000,132.560000,132.560000,132.560000,0
20020108 124500,132.540000,132.560000,132.540000,132.550000,0
20020108 124600,132.550000,132.550000,132.530000,132.540000,0
20020108 124700,132.530000,132.540000,132.530000,132.540000,0
20020108 124900,132.540000,132.560000,132.540000,132.560000,0
20020108 125000,132.560000,132.560000,132.550000,132.550000,0
20020108 125200,132.550000,132.560000,132.550000,132.560000,0
20020108 125300,132.560000,132.580000,132.560000,132.580000,0
20020108 125400,132.570000,132.580000,132.570000,132.580000,0
20020108 125500,132.580000,132.580000,132.560000,132.570000,0
20020108 125600,132.580000,132.650000,132.520000,132.630000,0
20020108 125700,132.610000,132.630000,132.610000,132.620000,0
20020108 125800,132.620000,132.640000,132.610000,132.640000,0
20020108 125900,132.650000,132.650000,132.630000,132.630000,0
20020108 130000,132.650000,132.660000,132.640000,132.650000,0
20020108 130100,132.620000,132.660000,132.620000,132.650000,0
20020108 130200,132.650000,132.680000,132.650000,132.670000,0
20020108 130300,132.670000,132.830000,132.670000,132.820000,0
20020108 130400,132.790000,132.900000,132.770000,132.770000,0
20020108 130500,132.780000,132.790000,132.760000,132.790000,0
20020108 130600,132.790000,132.790000,132.760000,132.770000,0
20020108 130700,132.770000,132.770000,132.760000,132.760000,0
20020108 130800,132.760000,132.800000,132.760000,132.800000,0
20020108 130900,132.790000,132.820000,132.790000,132.800000,0
20020108 131000,132.810000,132.810000,132.790000,132.790000,0
20020108 131100,132.790000,132.790000,132.720000,132.770000,0
20020108 131200,132.770000,132.800000,132.730000,132.780000,0
20020108 131300,132.800000,132.860000,132.790000,132.840000,0
20020108 131400,132.840000,132.850000,132.790000,132.790000,0
20020108 131500,132.780000,132.810000,132.780000,132.800000,0
20020108 131600,132.800000,132.800000,132.770000,132.790000,0
20020108 131700,132.790000,132.790000,132.780000,132.780000,0
20020108 131800,132.780000,132.780000,132.740000,132.760000,0
20020108 131900,132.760000,132.770000,132.760000,132.770000,0
20020108 132000,132.760000,132.770000,132.750000,132.760000,0
20020108 132100,132.760000,132.760000,132.760000,132.760000,0
20020108 132200,132.760000,132.780000,132.760000,132.780000,0
20020108 132300,132.780000,132.790000,132.780000,132.790000,0
20020108 132400,132.790000,132.800000,132.760000,132.770000,0
20020108 132500,132.760000,132.760000,132.750000,132.750000,0
20020108 132600,132.760000,132.760000,132.750000,132.750000,0
20020108 132700,132.760000,132.780000,132.750000,132.770000,0
20020108 132800,132.770000,132.810000,132.770000,132.810000,0
20020108 132900,132.810000,132.810000,132.790000,132.790000,0
20020108 133000,132.800000,132.800000,132.780000,132.790000,0
20020108 133100,132.790000,132.800000,132.790000,132.800000,0
20020108 133200,132.800000,132.800000,132.790000,132.800000,0
20020108 133300,132.800000,132.810000,132.800000,132.800000,0
20020108 133400,132.810000,132.810000,132.800000,132.810000,0
20020108 133500,132.810000,132.810000,132.810000,132.810000,0
20020108 133600,132.810000,132.810000,132.810000,132.810000,0
20020108 133700,132.800000,132.810000,132.800000,132.810000,0
20020108 133800,132.810000,132.840000,132.800000,132.830000,0
20020108 133900,132.830000,132.840000,132.820000,132.840000,0
20020108 134000,132.840000,132.840000,132.810000,132.810000,0
20020108 134100,132.810000,132.820000,132.810000,132.810000,0
20020108 134200,132.820000,132.820000,132.800000,132.800000,0
20020108 134300,132.800000,132.810000,132.800000,132.800000,0
20020108 134400,132.800000,132.800000,132.800000,132.800000,0
20020108 134500,132.800000,132.800000,132.800000,132.800000,0
20020108 134600,132.800000,132.800000,132.800000,132.800000,0
20020108 134700,132.800000,132.800000,132.800000,132.800000,0
20020108 134800,132.800000,132.800000,132.800000,132.800000,0
20020108 134900,132.800000,132.800000,132.800000,132.800000,0
20020108 135000,132.800000,132.800000,132.800000,132.800000,0
20020108 135100,132.800000,132.800000,132.790000,132.790000,0
20020108 135200,132.790000,132.800000,132.790000,132.800000,0
20020108 135300,132.800000,132.800000,132.790000,132.800000,0
20020108 135400,132.800000,132.800000,132.790000,132.800000,0
20020108 135600,132.790000,132.790000,132.780000,132.790000,0
20020108 135700,132.790000,132.800000,132.790000,132.790000,0
20020108 135800,132.790000,132.800000,132.790000,132.800000,0
20020108 135900,132.790000,132.800000,132.790000,132.790000,0
20020108 140000,132.800000,132.800000,132.790000,132.790000,0
20020108 140100,132.790000,132.790000,132.780000,132.790000,0
20020108 140200,132.790000,132.800000,132.780000,132.790000,0
20020108 140300,132.790000,132.800000,132.790000,132.800000,0
20020108 140400,132.800000,132.800000,132.790000,132.790000,0
20020108 140500,132.790000,132.800000,132.790000,132.800000,0
20020108 140600,132.800000,132.800000,132.790000,132.790000,0
20020108 140700,132.790000,132.800000,132.790000,132.800000,0
20020108 140900,132.800000,132.810000,132.800000,132.810000,0
20020108 141000,132.820000,132.830000,132.810000,132.830000,0
20020108 141100,132.840000,132.860000,132.830000,132.840000,0
20020108 141200,132.840000,132.860000,132.830000,132.850000,0
20020108 141300,132.860000,132.860000,132.840000,132.840000,0
20020108 141400,132.840000,132.860000,132.840000,132.850000,0
20020108 141500,132.850000,132.860000,132.840000,132.840000,0
20020108 141600,132.840000,132.860000,132.830000,132.840000,0
20020108 141700,132.840000,132.860000,132.840000,132.840000,0
20020108 141800,132.840000,132.850000,132.830000,132.830000,0
20020108 141900,132.840000,132.840000,132.830000,132.830000,0
20020108 142000,132.830000,132.850000,132.820000,132.830000,0
20020108 142100,132.830000,132.840000,132.810000,132.810000,0
20020108 142200,132.820000,132.820000,132.800000,132.800000,0
20020108 142300,132.820000,132.820000,132.810000,132.810000,0
20020108 142400,132.820000,132.820000,132.810000,132.810000,0
20020108 142500,132.810000,132.820000,132.810000,132.820000,0
20020108 142700,132.820000,132.820000,132.810000,132.810000,0
20020108 142800,132.810000,132.810000,132.810000,132.810000,0
20020108 142900,132.810000,132.820000,132.800000,132.800000,0
20020108 143000,132.800000,132.810000,132.790000,132.800000,0
20020108 143100,132.810000,132.830000,132.790000,132.810000,0
20020108 143200,132.800000,132.810000,132.800000,132.800000,0
20020108 143300,132.810000,132.810000,132.800000,132.800000,0
20020108 143500,132.800000,132.800000,132.780000,132.780000,0
20020108 143600,132.780000,132.800000,132.750000,132.750000,0
20020108 143700,132.750000,132.780000,132.740000,132.760000,0
20020108 143800,132.760000,132.770000,132.760000,132.770000,0
20020108 143900,132.750000,132.760000,132.750000,132.760000,0
20020108 144000,132.760000,132.770000,132.740000,132.760000,0
20020108 144100,132.760000,132.770000,132.740000,132.770000,0
20020108 144200,132.760000,132.770000,132.760000,132.770000,0
20020108 144300,132.760000,132.770000,132.760000,132.770000,0
20020108 144400,132.770000,132.770000,132.760000,132.770000,0
20020108 144500,132.770000,132.770000,132.760000,132.770000,0
20020108 144600,132.770000,132.790000,132.770000,132.790000,0
20020108 144700,132.790000,132.790000,132.770000,132.770000,0
20020108 144800,132.750000,132.770000,132.740000,132.750000,0
20020108 144900,132.750000,132.750000,132.720000,132.750000,0
20020108 145000,132.740000,132.750000,132.740000,132.750000,0
20020108 145100,132.740000,132.740000,132.720000,132.730000,0
20020108 145200,132.730000,132.740000,132.730000,132.740000,0
20020108 145300,132.730000,132.740000,132.730000,132.740000,0
20020108 145400,132.730000,132.740000,132.730000,132.740000,0
20020108 145600,132.740000,132.750000,132.740000,132.750000,0
20020108 145700,132.750000,132.760000,132.750000,132.760000,0
20020108 145800,132.750000,132.760000,132.750000,132.760000,0
20020108 145900,132.750000,132.760000,132.740000,132.750000,0
20020108 150000,132.760000,132.760000,132.750000,132.760000,0
20020108 150100,132.760000,132.760000,132.760000,132.760000,0
20020108 150200,132.760000,132.760000,132.750000,132.750000,0
20020108 150300,132.750000,132.760000,132.750000,132.760000,0
20020108 150400,132.760000,132.760000,132.760000,132.760000,0
20020108 150600,132.760000,132.760000,132.750000,132.750000,0
20020108 150700,132.750000,132.750000,132.750000,132.750000,0
20020108 150800,132.750000,132.750000,132.740000,132.740000,0
20020108 150900,132.740000,132.750000,132.740000,132.740000,0
20020108 151000,132.730000,132.750000,132.720000,132.720000,0
20020108 151100,132.710000,132.720000,132.700000,132.700000,0
20020108 151200,132.700000,132.720000,132.700000,132.700000,0
20020108 151300,132.700000,132.710000,132.700000,132.700000,0
20020108 151400,132.700000,132.700000,132.700000,132.700000,0
20020108 151500,132.710000,132.710000,132.700000,132.710000,0
20020108 151600,132.710000,132.710000,132.710000,132.710000,0
20020108 151700,132.710000,132.710000,132.700000,132.700000,0
20020108 151800,132.720000,132.730000,132.710000,132.720000,0
20020108 151900,132.720000,132.720000,132.720000,132.720000,0
20020108 152100,132.720000,132.730000,132.720000,132.730000,0
20020108 152300,132.720000,132.740000,132.720000,132.740000,0
20020108 152400,132.740000,132.750000,132.720000,132.730000,0
20020108 152500,132.720000,132.740000,132.720000,132.720000,0
20020108 152600,132.720000,132.730000,132.720000,132.730000,0
20020108 152700,132.730000,132.730000,132.710000,132.710000,0
20020108 152900,132.720000,132.720000,132.710000,132.720000,0
20020108 153000,132.720000,132.720000,132.700000,132.700000,0
20020108 153100,132.700000,132.710000,132.690000,132.690000,0
20020108 153200,132.690000,132.710000,132.690000,132.710000,0
20020108 153300,132.700000,132.760000,132.700000,132.730000,0
20020108 153400,132.760000,132.760000,132.720000,132.740000,0
20020108 153500,132.730000,132.740000,132.720000,132.730000,0
20020108 153600,132.730000,132.740000,132.730000,132.740000,0
20020108 153700,132.740000,132.740000,132.740000,132.740000,0
20020108 153800,132.720000,132.740000,132.720000,132.740000,0
20020108 153900,132.740000,132.740000,132.730000,132.730000,0
20020108 154000,132.730000,132.740000,132.730000,132.740000,0
20020108 154100,132.730000,132.740000,132.730000,132.740000,0
20020108 154200,132.730000,132.740000,132.730000,132.740000,0
20020108 154400,132.740000,132.740000,132.740000,132.740000,0
20020108 154500,132.740000,132.740000,132.700000,132.710000,0
20020108 154600,132.720000,132.720000,132.700000,132.710000,0
20020108 154700,132.710000,132.750000,132.710000,132.740000,0
20020108 154800,132.740000,132.750000,132.730000,132.740000,0
20020108 154900,132.740000,132.740000,132.730000,132.740000,0
20020108 155000,132.740000,132.760000,132.740000,132.740000,0
20020108 155100,132.740000,132.750000,132.730000,132.730000,0
20020108 155200,132.730000,132.750000,132.720000,132.720000,0
20020108 155300,132.720000,132.720000,132.710000,132.710000,0
20020108 155400,132.710000,132.730000,132.710000,132.730000,0
20020108 155500,132.720000,132.720000,132.720000,132.720000,0
20020108 155600,132.720000,132.730000,132.720000,132.730000,0
20020108 155700,132.720000,132.720000,132.720000,132.720000,0
20020108 155800,132.720000,132.740000,132.720000,132.740000,0
20020108 155900,132.730000,132.740000,132.730000,132.740000,0
20020108 160000,132.730000,132.730000,132.720000,132.730000,0
20020108 160100,132.720000,132.730000,132.720000,132.720000,0
20020108 160200,132.730000,132.740000,132.730000,132.730000,0
20020108 160300,132.740000,132.760000,132.730000,132.750000,0
20020108 160400,132.750000,132.760000,132.740000,132.750000,0
20020108 160600,132.740000,132.740000,132.730000,132.730000,0
20020108 160700,132.740000,132.740000,132.720000,132.720000,0
20020108 160800,132.720000,132.740000,132.720000,132.740000,0
20020108 160900,132.730000,132.740000,132.730000,132.740000,0
20020108 161100,132.730000,132.740000,132.720000,132.740000,0
20020108 161300,132.720000,132.740000,132.720000,132.740000,0
20020108 161400,132.730000,132.730000,132.730000,132.730000,0
20020108 161600,132.730000,132.730000,132.720000,132.730000,0
20020108 161700,132.720000,132.720000,132.720000,132.720000,0
20020108 161800,132.720000,132.720000,132.710000,132.710000,0
20020108 161900,132.720000,132.720000,132.700000,132.710000,0
20020108 162000,132.710000,132.720000,132.710000,132.710000,0
20020108 162100,132.710000,132.710000,132.710000,132.710000,0
20020108 162200,132.710000,132.750000,132.710000,132.740000,0
20020108 162300,132.730000,132.740000,132.710000,132.720000,0
20020108 162400,132.730000,132.730000,132.720000,132.720000,0
20020108 162500,132.730000,132.750000,132.730000,132.750000,0
20020108 162600,132.740000,132.750000,132.740000,132.750000,0
20020108 162700,132.740000,132.770000,132.740000,132.760000,0
20020108 162800,132.770000,132.780000,132.750000,132.750000,0
20020108 162900,132.760000,132.770000,132.750000,132.750000,0
20020108 163000,132.750000,132.760000,132.740000,132.760000,0
20020108 163100,132.750000,132.760000,132.750000,132.760000,0
20020108 163200,132.760000,132.760000,132.740000,132.750000,0
20020108 163300,132.750000,132.750000,132.740000,132.750000,0
20020108 163400,132.740000,132.740000,132.740000,132.740000,0
20020108 163500,132.740000,132.740000,132.740000,132.740000,0
20020108 163600,132.740000,132.740000,132.720000,132.720000,0
20020108 163700,132.730000,132.740000,132.720000,132.740000,0
20020108 163900,132.740000,132.780000,132.740000,132.780000,0
20020108 164000,132.790000,132.790000,132.770000,132.780000,0
20020108 164200,132.780000,132.790000,132.770000,132.790000,0
20020108 164300,132.780000,132.810000,132.780000,132.800000,0
20020108 164400,132.800000,132.800000,132.770000,132.780000,0
20020108 164500,132.770000,132.790000,132.770000,132.790000,0
20020108 164600,132.780000,132.790000,132.780000,132.780000,0
20020108 164800,132.780000,132.800000,132.780000,132.800000,0
20020108 164900,132.800000,132.810000,132.800000,132.800000,0
20020108 165000,132.800000,132.840000,132.800000,132.840000,0
20020108 165100,132.810000,132.860000,132.810000,132.860000,0
20020108 165200,132.860000,132.880000,132.860000,132.870000,0
20020108 165300,132.870000,132.890000,132.870000,132.880000,0
20020108 165400,132.880000,132.880000,132.870000,132.880000,0
20020108 165500,132.880000,132.890000,132.880000,132.890000,0
20020108 165600,132.890000,132.890000,132.880000,132.890000,0
20020108 165700,132.880000,132.900000,132.880000,132.900000,0
20020108 165800,132.900000,132.900000,132.880000,132.890000,0
20020108 165900,132.890000,132.900000,132.890000,132.890000,0
20020108 170000,132.890000,132.890000,132.890000,132.890000,0
20020108 170100,132.890000,132.900000,132.890000,132.900000,0
20020108 170200,132.890000,132.900000,132.890000,132.900000,0
20020108 170300,132.900000,132.900000,132.870000,132.880000,0
20020108 170400,132.890000,132.890000,132.880000,132.880000,0
20020108 170500,132.880000,132.880000,132.850000,132.850000,0
20020108 170600,132.870000,132.870000,132.850000,132.860000,0
20020108 170700,132.860000,132.870000,132.860000,132.860000,0
20020108 170800,132.850000,132.860000,132.850000,132.850000,0
20020108 170900,132.870000,132.870000,132.860000,132.870000,0
20020108 171000,132.870000,132.870000,132.860000,132.860000,0
20020108 171100,132.860000,132.860000,132.840000,132.850000,0
20020108 171200,132.850000,132.860000,132.850000,132.850000,0
20020108 171300,132.850000,132.860000,132.840000,132.850000,0
20020108 171400,132.840000,132.840000,132.830000,132.840000,0
20020108 171500,132.840000,132.850000,132.820000,132.820000,0
20020108 171600,132.820000,132.820000,132.810000,132.810000,0
20020108 171700,132.820000,132.860000,132.810000,132.810000,0
20020108 171800,132.810000,132.810000,132.780000,132.800000,0
20020108 171900,132.800000,132.810000,132.800000,132.800000,0
20020108 172000,132.810000,132.810000,132.800000,132.800000,0
20020108 172100,132.800000,132.820000,132.800000,132.810000,0
20020108 172200,132.820000,133.820000,132.810000,132.890000,0
20020108 172300,132.840000,132.910000,132.840000,132.910000,0
20020108 172400,132.910000,132.910000,132.860000,132.890000,0
20020108 172500,132.850000,132.870000,132.850000,132.870000,0
20020108 172600,132.870000,132.910000,132.870000,132.910000,0
20020108 172700,132.910000,132.940000,132.910000,132.910000,0
20020108 172800,132.910000,132.910000,132.880000,132.910000,0
20020108 172900,132.910000,132.920000,132.900000,132.910000,0
20020108 173000,132.920000,132.960000,132.910000,132.950000,0
20020108 173100,132.950000,132.950000,132.920000,132.930000,0
20020108 173200,132.940000,132.940000,132.920000,132.930000,0
20020108 173300,132.930000,132.940000,132.930000,132.930000,0
20020108 173400,132.940000,132.940000,132.910000,132.940000,0
20020108 173500,132.910000,132.920000,132.890000,132.900000,0
20020108 173600,132.900000,132.940000,132.890000,132.910000,0
20020108 173700,132.910000,132.950000,132.900000,132.950000,0
20020108 173800,132.940000,132.950000,132.930000,132.950000,0
20020108 173900,132.940000,132.950000,132.940000,132.950000,0
20020108 174000,132.940000,132.940000,132.940000,132.940000,0
20020108 174100,132.930000,132.940000,132.920000,132.930000,0
20020108 174200,132.920000,132.940000,132.910000,132.920000,0
20020108 174300,132.920000,132.920000,132.910000,132.910000,0
20020108 174400,132.910000,132.910000,132.890000,132.890000,0
20020108 174500,132.890000,132.900000,132.890000,132.890000,0
20020108 174600,132.890000,132.920000,132.880000,132.920000,0
20020108 174700,132.920000,132.920000,132.910000,132.920000,0
20020108 174800,132.920000,132.920000,132.890000,132.900000,0
20020108 174900,132.900000,132.910000,132.890000,132.910000,0
20020108 181500,132.990000,132.990000,132.990000,132.990000,0
20020108 181600,132.990000,133.000000,132.990000,133.000000,0
20020108 181700,132.990000,133.020000,132.990000,133.000000,0
20020108 181800,132.990000,133.000000,132.990000,132.990000,0
20020108 181900,133.000000,133.030000,132.990000,133.000000,0
20020108 182000,132.990000,133.040000,132.990000,133.030000,0
20020108 182100,133.010000,133.020000,133.000000,133.000000,0
20020108 182200,133.020000,133.020000,133.010000,133.010000,0
20020108 182300,133.010000,133.010000,133.000000,133.000000,0
20020108 182400,133.010000,133.030000,133.000000,133.000000,0
20020108 182600,133.010000,133.020000,133.010000,133.010000,0
20020108 182700,133.020000,133.020000,133.000000,133.010000,0
20020108 182900,133.020000,133.020000,133.010000,133.010000,0
20020108 183000,133.010000,133.010000,133.000000,133.000000,0
20020108 183100,133.030000,133.030000,133.000000,133.010000,0
20020108 183200,133.010000,133.020000,133.010000,133.020000,0
20020108 183400,133.010000,133.010000,133.000000,133.000000,0
20020108 183500,133.020000,133.020000,133.010000,133.010000,0
20020108 183600,133.030000,133.030000,133.000000,133.000000,0
20020108 183700,133.030000,133.030000,133.010000,133.020000,0
20020108 183800,133.010000,133.020000,133.010000,133.020000,0
20020108 183900,133.000000,133.050000,133.000000,133.030000,0
20020108 184000,133.010000,133.020000,133.010000,133.020000,0
20020108 184100,133.000000,133.000000,133.000000,133.000000,0
20020108 184200,133.020000,133.020000,133.010000,133.010000,0
20020108 184300,133.010000,133.010000,133.000000,133.000000,0
20020108 184400,132.990000,132.990000,132.980000,132.980000,0
20020108 184500,132.970000,132.970000,132.950000,132.950000,0
20020108 184600,133.010000,133.010000,132.950000,132.960000,0
20020108 184700,132.960000,132.970000,132.960000,132.970000,0
20020108 184800,132.970000,133.000000,132.970000,132.980000,0
20020108 184900,132.980000,132.990000,132.970000,132.990000,0
20020108 185000,133.000000,133.000000,132.990000,133.000000,0
20020108 185100,132.990000,132.990000,132.980000,132.980000,0
20020108 185200,132.980000,132.980000,132.960000,132.960000,0
20020108 185300,132.970000,132.970000,132.950000,132.960000,0
20020108 185400,132.950000,132.970000,132.940000,132.960000,0
20020108 185500,132.960000,132.960000,132.940000,132.940000,0
20020108 185600,132.940000,132.970000,132.930000,132.960000,0
20020108 185700,132.970000,132.970000,132.950000,132.960000,0
20020108 185800,132.950000,132.970000,132.940000,132.960000,0
20020108 185900,132.960000,132.970000,132.960000,132.970000,0
20020108 190000,132.960000,132.990000,132.950000,132.970000,0
20020108 190100,132.970000,133.000000,132.970000,132.980000,0
20020108 190200,132.980000,132.980000,132.970000,132.970000,0
20020108 190300,132.960000,132.970000,132.950000,132.950000,0
20020108 190400,132.950000,132.950000,132.920000,132.930000,0
20020108 190500,132.930000,132.930000,132.890000,132.890000,0
20020108 190600,132.920000,132.920000,132.900000,132.900000,0
20020108 190700,132.900000,132.910000,132.890000,132.910000,0
20020108 190800,132.910000,132.920000,132.900000,132.910000,0
20020108 190900,132.910000,132.960000,132.910000,132.910000,0
20020108 191000,132.920000,132.930000,132.910000,132.930000,0
20020108 191100,132.930000,132.940000,132.930000,132.940000,0
20020108 191200,132.950000,132.950000,132.940000,132.950000,0
20020108 191300,132.950000,132.950000,132.930000,132.940000,0
20020108 191400,132.940000,132.940000,132.940000,132.940000,0
20020108 191500,132.940000,132.940000,132.930000,132.940000,0
20020108 191600,132.940000,132.990000,132.940000,132.950000,0
20020108 191700,132.940000,132.940000,132.910000,132.910000,0
20020108 191800,132.910000,132.910000,132.860000,132.880000,0
20020108 191900,132.890000,132.900000,132.880000,132.890000,0
20020108 192000,132.890000,132.900000,132.880000,132.890000,0
20020108 192100,132.880000,132.940000,132.880000,132.920000,0
20020108 192200,132.920000,132.950000,132.910000,132.950000,0
20020108 192300,132.960000,132.960000,132.950000,132.960000,0
20020108 192400,132.940000,132.950000,132.940000,132.950000,0
20020108 192500,132.950000,132.950000,132.940000,132.950000,0
20020108 192600,132.950000,132.990000,132.940000,132.980000,0
20020108 192700,132.980000,133.000000,132.970000,133.000000,0
20020108 192800,133.000000,133.000000,132.990000,132.990000,0
20020108 192900,133.000000,133.000000,133.000000,133.000000,0
20020108 193000,132.990000,133.000000,132.990000,132.990000,0
20020108 193100,132.990000,132.990000,132.960000,132.960000,0
20020108 193200,132.970000,132.980000,132.960000,132.970000,0
20020108 193300,132.970000,132.970000,132.960000,132.970000,0
20020108 193400,132.970000,132.980000,132.960000,132.980000,0
20020108 193500,132.970000,132.980000,132.960000,132.970000,0
20020108 193600,132.970000,132.970000,132.930000,132.940000,0
20020108 193700,132.940000,132.950000,132.940000,132.940000,0
20020108 193800,132.940000,132.950000,132.930000,132.930000,0
20020108 193900,132.930000,132.940000,132.920000,132.940000,0
20020108 194000,132.950000,132.960000,132.940000,132.960000,0
20020108 194100,132.950000,132.950000,132.940000,132.940000,0
20020108 194200,132.950000,132.970000,132.940000,132.960000,0
20020108 194300,132.960000,132.980000,132.960000,132.980000,0
20020108 194400,132.980000,132.980000,132.980000,132.980000,0
20020108 194500,132.980000,132.990000,132.970000,132.970000,0
20020108 194600,132.990000,133.000000,132.980000,133.000000,0
20020108 194700,133.000000,133.010000,133.000000,133.010000,0
20020108 194800,133.010000,133.010000,133.000000,133.000000,0
20020108 194900,133.010000,133.010000,133.000000,133.010000,0
20020108 195000,133.010000,133.010000,133.000000,133.010000,0
20020108 195100,133.000000,133.010000,133.000000,133.010000,0
20020108 195200,133.010000,133.010000,133.000000,133.010000,0
20020108 195300,133.010000,133.020000,132.990000,133.000000,0
20020108 195400,132.990000,133.010000,132.990000,133.010000,0
20020108 195500,133.000000,133.010000,132.910000,132.940000,0
20020108 195600,132.940000,132.970000,132.940000,132.970000,0
20020108 195700,132.960000,133.000000,132.960000,132.990000,0
20020108 195800,132.990000,133.140000,132.990000,133.130000,0
20020108 195900,133.130000,133.170000,133.110000,133.120000,0
20020108 200000,133.110000,133.140000,133.100000,133.130000,0
20020108 200100,133.120000,133.140000,133.120000,133.140000,0
20020108 200200,133.150000,133.210000,133.140000,133.200000,0
20020108 200300,133.190000,133.220000,133.190000,133.210000,0
20020108 200400,133.210000,133.210000,133.200000,133.210000,0
20020108 200500,133.210000,133.210000,133.170000,133.190000,0
20020108 200600,133.180000,133.260000,133.180000,133.250000,0
20020108 200700,133.260000,133.270000,133.240000,133.270000,0
20020108 200800,133.270000,133.270000,133.240000,133.250000,0
20020108 200900,133.250000,133.260000,133.240000,133.260000,0
20020108 201000,133.250000,133.310000,133.240000,133.290000,0
20020108 201100,133.290000,133.360000,133.290000,133.300000,0
20020108 201200,133.300000,133.340000,133.290000,133.300000,0
20020108 201300,133.310000,133.320000,133.300000,133.300000,0
20020108 201400,133.300000,133.300000,133.290000,133.290000,0
20020108 201500,133.290000,133.290000,133.260000,133.270000,0
20020108 201600,133.260000,133.310000,133.260000,133.310000,0
20020108 201700,133.300000,133.340000,133.300000,133.330000,0
20020108 201800,133.330000,133.390000,133.330000,133.370000,0
20020108 201900,133.370000,133.370000,133.360000,133.360000,0
20020108 202000,133.360000,133.380000,133.360000,133.380000,0
20020108 202100,133.370000,133.380000,133.340000,133.360000,0
20020108 202200,133.350000,133.350000,133.330000,133.340000,0
20020108 202300,133.340000,133.370000,133.330000,133.360000,0
20020108 202400,133.370000,133.390000,133.370000,133.370000,0
20020108 202500,133.380000,133.380000,133.370000,133.380000,0
20020108 202600,133.370000,133.380000,133.360000,133.360000,0
20020108 202700,133.360000,133.390000,133.360000,133.390000,0
20020108 202800,133.380000,133.390000,133.360000,133.360000,0
20020108 202900,133.360000,133.360000,133.320000,133.350000,0
20020108 203000,133.350000,133.350000,133.320000,133.330000,0
20020108 203100,133.330000,133.340000,133.330000,133.330000,0
20020108 203200,133.330000,133.330000,133.280000,133.300000,0
20020108 203300,133.280000,133.290000,133.250000,133.280000,0
20020108 203400,133.280000,133.300000,133.280000,133.290000,0
20020108 203500,133.290000,133.290000,133.230000,133.230000,0
20020108 203600,133.230000,133.260000,133.230000,133.250000,0
20020108 203700,133.250000,133.260000,133.240000,133.260000,0
20020108 203800,133.260000,133.280000,133.260000,133.280000,0
20020108 203900,133.290000,133.290000,133.280000,133.290000,0
20020108 204000,133.280000,133.290000,133.270000,133.270000,0
20020108 204100,133.270000,133.270000,133.270000,133.270000,0
20020108 204200,133.280000,133.280000,133.270000,133.280000,0
20020108 204300,133.280000,133.290000,133.280000,133.290000,0
20020108 204400,133.280000,133.300000,133.210000,133.210000,0
20020108 204500,133.220000,133.260000,133.210000,133.250000,0
20020108 204600,133.260000,133.290000,133.260000,133.260000,0
20020108 204700,133.260000,133.260000,133.250000,133.260000,0
20020108 204800,133.250000,133.250000,133.220000,133.220000,0
20020108 204900,133.220000,133.230000,133.190000,133.200000,0
20020108 205000,133.190000,133.210000,133.190000,133.210000,0
20020108 205100,133.200000,133.210000,133.180000,133.190000,0
20020108 205200,133.180000,133.220000,133.180000,133.220000,0
20020108 205300,133.220000,133.230000,133.210000,133.230000,0
20020108 205400,133.230000,133.240000,133.210000,133.240000,0
20020108 205500,133.230000,133.250000,133.230000,133.250000,0
20020108 205600,133.250000,133.270000,133.240000,133.260000,0
20020108 205700,133.260000,133.280000,133.260000,133.270000,0
20020108 205800,133.270000,133.290000,133.270000,133.280000,0
20020108 205900,133.280000,133.290000,133.260000,133.260000,0
20020108 210000,133.260000,133.260000,133.190000,133.200000,0
20020108 210100,133.190000,133.200000,133.170000,133.190000,0
20020108 210200,133.190000,133.190000,133.140000,133.140000,0
20020108 210300,133.150000,133.150000,133.060000,133.100000,0
20020108 210400,133.100000,133.100000,133.070000,133.080000,0
20020108 210500,133.100000,133.100000,133.080000,133.090000,0
20020108 210600,133.080000,133.090000,133.010000,133.040000,0
20020108 210700,133.020000,133.060000,133.020000,133.050000,0
20020108 210800,133.070000,133.070000,133.020000,133.050000,0
20020108 210900,133.040000,133.040000,132.900000,132.900000,0
20020108 211000,132.910000,132.960000,132.910000,132.960000,0
20020108 211100,132.960000,132.960000,132.780000,132.840000,0
20020108 211200,132.840000,132.900000,132.830000,132.850000,0
20020108 211300,132.820000,132.880000,132.760000,132.860000,0
20020108 211400,132.830000,132.920000,132.830000,132.900000,0
20020108 211500,132.900000,132.920000,132.850000,132.870000,0
20020108 211600,132.860000,132.870000,132.770000,132.770000,0
20020108 211700,132.770000,132.830000,132.750000,132.780000,0
20020108 211800,132.770000,132.780000,132.650000,132.660000,0
20020108 211900,132.650000,132.670000,132.620000,132.650000,0
20020108 212000,132.650000,132.650000,132.550000,132.600000,0
20020108 212100,132.590000,132.640000,132.590000,132.600000,0
20020108 212200,132.590000,132.640000,132.520000,132.640000,0
20020108 212300,132.630000,132.650000,132.610000,132.640000,0
20020108 212400,132.650000,132.680000,132.640000,132.660000,0
20020108 212500,132.660000,132.690000,132.660000,132.680000,0
20020108 212600,132.680000,132.700000,132.680000,132.700000,0
20020108 212700,132.700000,132.730000,132.700000,132.710000,0
20020108 212800,132.710000,132.770000,132.710000,132.730000,0
20020108 212900,132.730000,132.760000,132.710000,132.760000,0
20020108 213000,132.750000,132.770000,132.740000,132.760000,0
20020108 213100,132.760000,132.770000,132.730000,132.740000,0
20020108 213200,132.740000,132.740000,132.680000,132.690000,0
20020108 213300,132.690000,132.760000,132.680000,132.740000,0
20020108 213400,132.730000,132.790000,132.730000,132.760000,0
20020108 213500,132.760000,132.850000,132.740000,132.810000,0
20020108 213600,132.820000,132.850000,132.810000,132.820000,0
20020108 213700,132.820000,132.830000,132.820000,132.820000,0
20020108 213800,132.840000,132.840000,132.810000,132.840000,0
20020108 213900,132.840000,132.860000,132.830000,132.840000,0
20020108 214000,132.830000,132.920000,132.830000,132.860000,0
20020108 214100,132.850000,132.860000,132.820000,132.830000,0
20020108 214200,132.820000,132.830000,132.810000,132.820000,0
20020108 214300,132.820000,132.830000,132.800000,132.820000,0
20020108 214400,132.820000,132.830000,132.820000,132.830000,0
20020108 214500,132.810000,132.830000,132.810000,132.830000,0
20020108 214600,132.830000,132.860000,132.830000,132.860000,0
20020108 214700,132.860000,132.870000,132.830000,132.830000,0
20020108 214800,132.820000,132.830000,132.750000,132.750000,0
20020108 214900,132.770000,132.810000,132.770000,132.800000,0
20020108 215000,132.810000,132.820000,132.800000,132.810000,0
20020108 215100,132.800000,132.810000,132.770000,132.780000,0
20020108 215200,132.770000,132.790000,132.760000,132.790000,0
20020108 215300,132.780000,132.790000,132.760000,132.760000,0
20020108 215400,132.750000,132.760000,132.750000,132.760000,0
20020108 215500,132.740000,132.750000,132.660000,132.690000,0
20020108 215600,132.690000,132.720000,132.680000,132.690000,0
20020108 215700,132.670000,132.700000,132.660000,132.660000,0
20020108 215800,132.650000,132.660000,132.650000,132.660000,0
20020108 215900,132.650000,132.680000,132.650000,132.680000,0
20020108 220000,132.680000,132.710000,132.670000,132.710000,0
20020108 220100,132.710000,132.720000,132.690000,132.720000,0
20020108 220200,132.730000,132.730000,132.720000,132.720000,0
20020108 220300,132.720000,132.720000,132.720000,132.720000,0
20020108 220400,132.720000,132.740000,132.720000,132.740000,0
20020108 220500,132.740000,132.740000,132.740000,132.740000,0
20020108 220600,132.740000,132.740000,132.710000,132.720000,0
20020108 220700,132.720000,132.720000,132.710000,132.710000,0
20020108 220800,132.720000,132.720000,132.700000,132.700000,0
20020108 220900,132.700000,132.700000,132.680000,132.700000,0
20020108 221000,132.700000,132.700000,132.680000,132.690000,0
20020108 221100,132.680000,132.690000,132.670000,132.690000,0
20020108 221200,132.690000,132.700000,132.680000,132.690000,0
20020108 221300,132.690000,132.700000,132.680000,132.690000,0
20020108 221400,132.700000,132.700000,132.690000,132.690000,0
20020108 221500,132.690000,132.690000,132.680000,132.680000,0
20020108 221600,132.690000,132.700000,132.680000,132.700000,0
20020108 221700,132.710000,132.720000,132.700000,132.720000,0
20020108 221800,132.710000,132.720000,132.700000,132.700000,0
20020108 221900,132.700000,132.710000,132.700000,132.710000,0
20020108 222000,132.710000,132.710000,132.700000,132.700000,0
20020108 222100,132.700000,132.700000,132.700000,132.700000,0
20020108 222200,132.700000,132.700000,132.700000,132.700000,0
20020108 222300,132.700000,132.710000,132.680000,132.710000,0
20020108 222400,132.680000,132.710000,132.670000,132.670000,0
20020108 222500,132.670000,132.680000,132.670000,132.670000,0
20020108 222600,132.670000,132.670000,132.650000,132.650000,0
20020108 222700,132.650000,132.670000,132.650000,132.660000,0
20020108 222800,132.670000,132.680000,132.660000,132.680000,0
20020108 222900,132.680000,132.710000,132.680000,132.710000,0
20020108 223000,132.710000,132.710000,132.700000,132.700000,0
20020108 223200,132.700000,132.700000,132.700000,132.700000,0
20020108 223300,132.710000,132.720000,132.700000,132.710000,0
20020108 223400,132.700000,132.720000,132.700000,132.720000,0
20020108 223500,132.720000,132.760000,132.720000,132.730000,0
20020108 223600,132.740000,132.740000,132.730000,132.740000,0
20020108 223700,132.760000,132.760000,132.740000,132.760000,0
20020108 223900,132.750000,132.750000,132.740000,132.740000,0
20020108 224000,132.730000,132.760000,132.720000,132.760000,0
20020108 224100,132.760000,132.770000,132.750000,132.770000,0
20020108 224200,132.760000,132.770000,132.760000,132.770000,0
20020108 224300,132.770000,132.790000,132.760000,132.770000,0
20020108 224500,132.760000,132.770000,132.760000,132.770000,0
20020108 224600,132.760000,132.760000,132.750000,132.760000,0
20020108 224700,132.760000,132.760000,132.760000,132.760000,0
20020108 224800,132.760000,132.760000,132.750000,132.760000,0
20020108 224900,132.750000,132.760000,132.750000,132.760000,0
20020108 225000,132.760000,132.760000,132.760000,132.760000,0
20020108 225100,132.760000,132.760000,132.750000,132.760000,0
20020108 225200,132.760000,132.760000,132.750000,132.750000,0
20020108 225300,132.750000,132.750000,132.740000,132.750000,0
20020108 225400,132.740000,132.750000,132.740000,132.750000,0
20020108 225500,132.750000,132.750000,132.730000,132.740000,0
20020108 225600,132.750000,132.750000,132.740000,132.740000,0
20020108 225700,132.750000,132.750000,132.750000,132.750000,0
20020108 225800,132.750000,132.770000,132.750000,132.770000,0
20020108 225900,132.760000,132.760000,132.750000,132.750000,0
20020108 230000,132.760000,132.760000,132.760000,132.760000,0
20020108 230100,132.760000,132.760000,132.760000,132.760000,0
20020108 230200,132.760000,132.760000,132.760000,132.760000,0
20020108 230400,132.760000,132.770000,132.760000,132.770000,0
20020108 230500,132.770000,132.790000,132.770000,132.790000,0
20020108 230600,132.790000,132.790000,132.780000,132.790000,0
20020108 230700,132.790000,132.810000,132.790000,132.800000,0
20020108 230800,132.800000,132.810000,132.800000,132.810000,0
20020108 230900,132.810000,132.810000,132.800000,132.800000,0
20020108 231000,132.810000,132.810000,132.780000,132.800000,0
20020108 231300,132.790000,132.800000,132.790000,132.790000,0
20020108 231400,132.790000,132.790000,132.790000,132.790000,0
20020108 231500,132.790000,132.790000,132.790000,132.790000,0
20020108 231600,132.800000,132.840000,132.790000,132.810000,0
20020108 231700,132.800000,132.840000,132.800000,132.830000,0
20020108 231800,132.820000,132.830000,132.810000,132.820000,0
20020108 231900,132.810000,132.810000,132.800000,132.810000,0
20020108 232100,132.810000,132.810000,132.790000,132.800000,0
20020108 232200,132.800000,132.800000,132.800000,132.800000,0
20020108 232300,132.800000,132.800000,132.800000,132.800000,0
20020108 232400,132.800000,132.810000,132.800000,132.810000,0
20020108 232500,132.810000,132.810000,132.800000,132.800000,0
20020108 232600,132.810000,132.810000,132.800000,132.800000,0
20020108 232700,132.800000,132.810000,132.800000,132.800000,0
20020108 233000,132.800000,132.800000,132.790000,132.800000,0
20020108 233100,132.800000,132.800000,132.780000,132.780000,0
20020108 233200,132.790000,132.790000,132.760000,132.760000,0
20020108 233300,132.760000,132.770000,132.760000,132.770000,0
20020108 233400,132.760000,132.770000,132.740000,132.740000,0
20020108 233600,132.740000,132.740000,132.730000,132.730000,0
20020108 233700,132.730000,132.740000,132.730000,132.740000,0
20020108 233900,132.730000,132.740000,132.720000,132.720000,0
20020108 234000,132.730000,132.730000,132.720000,132.720000,0
20020108 234100,132.720000,132.720000,132.700000,132.700000,0
20020108 234200,132.710000,132.730000,132.690000,132.720000,0
20020108 234300,132.720000,132.730000,132.700000,132.700000,0
20020108 234400,132.690000,132.700000,132.660000,132.660000,0
20020108 234500,132.650000,132.680000,132.620000,132.650000,0
20020108 234600,132.640000,132.680000,132.640000,132.650000,0
20020108 234700,132.660000,132.660000,132.640000,132.640000,0
20020108 234800,132.640000,132.650000,132.630000,132.650000,0
20020108 234900,132.640000,132.650000,132.640000,132.640000,0
20020108 235000,132.630000,132.640000,132.630000,132.640000,0
20020108 235100,132.630000,132.660000,132.630000,132.650000,0
20020108 235200,132.650000,132.660000,132.650000,132.660000,0
20020108 235300,132.670000,132.670000,132.660000,132.660000,0
20020108 235400,132.670000,132.670000,132.650000,132.650000,0
20020108 235600,132.650000,132.650000,132.650000,132.650000,0
